Time (milliseconds),time,accelleration,x_accelleration,y_accelleration,z_accelleration,temperature,x_magnet_strength,y_magnet_strength,z_magnet_strength,total_magnet_strength,altitude
548078,548.046,9.868529,0.47088,-1.5696,-9.731521,22,0.00495,0.04305,0.06525001,0.07832859,402.8331
548167,548.133,10.18669,0.62784,-1.5696,-10.04544,22,0.00585,0.04245,0.0648,0.07768697,403.1581
548217,548.185,9.586132,0.47088,-1.72656,-9.417601,22,0.00495,0.04245,0.06555,0.07825156,402.59
548270,548.2329,10.04912,0.47088,-1.72656,-9.88848,22,0.00525,0.04215,0.0657,0.07823474,403.3193
548348,548.317,9.778243,0.62784,-1.88352,-9.57456,22,0.0054,0.0417,0.06525001,0.07762482,402.59
548397,548.365,9.722655,0.62784,-1.5696,-9.57456,22,0.0045,0.0423,0.06599999,0.07852096,402.2677
548444,548.413,10.0577,0.62784,-1.72656,-9.88848,22,0.00465,0.04185,0.06615,0.07841472,402.915
548528,548.497,9.903418,0.62784,-1.72656,-9.731521,22,0.00525,0.04215,0.0651,0.07773156,402.9943
548578,548.546,9.740376,0.47088,-1.72656,-9.57456,22,0.00555,0.0417,0.0651,0.07750937,402.2677
548664,548.633,10.04912,0.47088,-1.72656,-9.88848,22,0.0054,0.04245,0.06585,0.0785327,402.8331
548712,548.681,9.894707,0.47088,-1.72656,-9.731521,22,0.0048,0.04275,0.06525001,0.07815475,402.8331
548762,548.729,9.568126,0.62784,-1.5696,-9.417601,22,0.00435,0.0423,0.06555,0.07813459,403.2374
548840,548.809,9.749226,0.62784,-1.72656,-9.57456,22,0.0057,0.04245,0.0648,0.07767581,403.1528
548888,548.857,9.740376,0.47088,-1.72656,-9.57456,22,0.0045,0.042,0.0657,0.07810724,402.1779
548939,548.905,9.877263,0.62784,-1.5696,-9.731521,22,0.00525,0.0423,0.06615,0.07869356,402.746
549024,548.993,9.894707,0.47088,-1.72656,-9.731521,22,0.0045,0.04215,0.0654,0.07793608,402.8331
549074,549.041,9.740376,0.47088,-1.72656,-9.57456,22,0.0048,0.042,0.0654,0.07787297,402.7513
549163,549.129,9.877263,0.62784,-1.5696,-9.731521,22,0.00495,0.0423,0.06615,0.07867411,402.9943
549212,549.181,9.914606,0.7848001,-1.72656,-9.731521,22,0.00555,0.04215,0.0657,0.07825544,402.7513
549262,549.229,9.894707,0.47088,-1.72656,-9.731521,22,0.0048,0.04185,0.0651,0.07754014,402.7513
549340,549.309,9.894707,0.47088,-1.72656,-9.731521,22,0.0048,0.04245,0.06525001,0.07799106,403.6417
549391,549.357,9.894707,0.47088,-1.72656,-9.731521,22,0.00435,0.0423,0.0654,0.07800879,402.7513
549440,549.409,10.09681,0.7848001,-1.88352,-9.88848,22,0.0054,0.0423,0.0657,0.07832586,402.7513
549524,549.493,9.740376,0.47088,-1.72656,-9.57456,22,0.00465,0.0423,0.0651,0.07777482,402.4315
549574,549.541,9.877263,0.62784,-1.5696,-9.731521,22,0.0054,0.04215,0.06494999,0.07761626,402.7513
549662,549.629,9.734052,0.31392,-1.72656,-9.57456,22,0.0048,0.0426,0.0654,0.0781982,403.0762
549713,549.681,9.914606,0.7848001,-1.72656,-9.731521,22,0.00465,0.04245,0.0651,0.0778565,403.5624
549763,549.729,10.08583,0.62784,-1.88352,-9.88848,22,0.0051,0.0417,0.06465,0.07710073,403.3193
549840,549.809,9.903418,0.62784,-1.72656,-9.731521,22,0.0048,0.0426,0.06555,0.0783237,403.4832
549890,549.857,9.769421,0.47088,-1.88352,-9.57456,22,0.00525,0.0423,0.0651,0.077813,402.59
549941,549.909,9.903418,0.62784,-1.72656,-9.731521,22,0.00495,0.042,0.06525001,0.07775645,403.1581
550025,549.993,10.4623,1.09872,-2.04048,-10.2024,22,0.00465,0.04305,0.0654,0.07843522,403.1581
550078,550.041,9.734052,0.7848001,-1.5696,-9.57456,22,0.00495,0.04275,0.06555,0.07841472,402.59
550164,550.133,9.70744,0.31392,-1.5696,-9.57456,22,0.00465,0.0429,0.0651,0.07810277,402.7513
550212,550.181,10.16975,2.3544,-0.31392,-9.88848,22,0.00525,0.04185,0.06615,0.07845258,403.3986
550262,550.229,80.09099,2.04048,1.5696,-80.0496,22,0.0057,0.04635,0.0651,0.08011755,402.672
550341,550.309,82.08723,5.17968,-17.42256,-80.0496,22,0.0099,0.045,0.0645,0.07926702,399.1155
550388,550.357,80.28669,3.29616,-15.85296,-78.63697,22,0.01455,0.0438,0.06465,0.07943403,399.6783
550436,550.405,81.5499,3.924,-15.06816,-80.0496,22,0.0195,0.0393,0.06599999,0.07925112,397.7415
550521,550.489,82.15129,4.55184,-17.89344,-80.0496,22,0.027,0.02355,0.0702,0.07881398,393.3949
550569,550.537,82.64105,4.23792,-20.09088,-80.0496,22,0.0261,0.0162,0.0708,0.077177,389.6112
550761,550.729,13.88808,-2.3544,-8.161921,-10.9872,22,0.01695,-0.00315,0.07095,0.07301457,393.9128
550808,550.777,9.296486,0.0,-9.103681,1.88352,22,0.01515,-0.006599999,0.07065,0.07255691,399.5726
550857,550.825,11.74371,0.15696,-7.22016,9.260641,22,0.01275,-0.009,0.0711,0.07279266,390.5651
550932,550.901,12.19449,0.31392,-10.04544,6.90624,22,0.0051,-0.01485,0.0696,0.07134909,418.9219
550980,550.949,33.23811,-2.66832,-27.78192,18.0504,22,0.00015,-0.0219,0.06525001,0.06882729,445.2971
551029,550.997,81.94756,21.34656,-75.02689,25.1136,22,-0.0018,-0.03765,0.03795,0.05348799,413.5026
551112,551.081,87.01886,46.14625,-59.48784,43.63489,22,0.01485,-0.03285,0.01995,0.04120252,467.5952
551163,551.129,48.76003,16.4808,-38.61216,24.79968,22,-0.0123,-0.0369,0.02505,0.04626448,431.9167
551244,551.209,21.72238,-21.1896,-4.39488,1.88352,22,-0.05175,0.0147,0.0186,0.05692198,435.3886
551292,551.261,21.16401,-17.89344,10.04544,5.17968,22,-0.04305,0.04155,0.0198,0.06302178,425.0547
551343,551.309,33.16094,-8.946721,25.8984,18.67824,22,-0.00945,0.06255,0.02505,0.06803901,417.075
551428,551.3969,34.44048,10.04544,24.95664,21.50352,22,0.04425,0.03525,0.02055,0.06019076,434.7412
551476,551.445,16.20569,11.30112,10.9872,3.76704,22,0.04665,0.0204,0.012,0.05231044,435.5524
551561,551.529,9.798378,7.22016,6.43536,-1.5696,22,0.0405,0.0201,0.00015,0.04521374,436.2156
551610,551.577,7.769124,7.0632,3.1392,-0.7848001,22,0.03255,0.0303,-0.00615,0.04489337,432.0223
551661,551.629,3.99555,2.19744,2.51136,-2.19744,22,0.02595,0.0375,-0.007950001,0.04629098,428.8833
551738,551.705,2.55994,0.62784,2.3544,-0.7848001,22,0.01545,0.0432,-0.00975,0.04690421,427.6864
551790,551.757,3.45312,0.62784,2.82528,-1.88352,22,0.02115,0.0441,-0.00705,0.04941493,427.1156
551841,551.809,3.470911,0.31392,3.45312,-0.15696,22,0.02505,0.0459,-0.00075,0.05229603,427.8502
551926,551.893,2.672933,0.15696,2.3544,1.25568,22,0.03435,0.0495,0.0171,0.06263053,428.8305
551979,551.945,1.941488,-0.31392,1.09872,1.5696,22,0.03405,0.0489,0.0234,0.06401697,429.6417
552030,551.997,1.029256,-0.47088,0.7848001,0.47088,22,0.03345,0.04905,0.0357,0.06927694,429.322
552117,552.085,0.9152263,-0.47088,0.47088,0.62784,22,0.0276,0.04665,0.05115,0.07452721,430.6272
552164,552.133,0.8003422,-0.47088,0.15696,0.62784,22,0.02265,0.04005,0.0603,0.07584929,430.7937
552248,552.217,0.8597054,-0.7848001,0.15696,-0.31392,22,0.0192,0.02985,0.06764999,0.07639493,430.6457
552296,552.265,0.7848001,-0.62784,0.0,-0.47088,22,0.0195,0.0255,0.0699,0.07691885,431.4569
552344,552.313,0.8879,-0.62784,0.0,-0.62784,22,0.0225,0.0189,0.0699,0.07582526,431.9351
552422,552.389,0.7192811,-0.62784,0.15696,-0.31392,22,0.02805,0.01425,0.06764999,0.07460823,431.441
552472,552.441,0.8597054,-0.7848001,0.15696,-0.31392,22,0.03405,0.0102,0.0618,0.07129293,430.3868
552522,552.489,0.8155881,-0.7848001,0.15696,0.15696,22,0.03915,0.00765,0.05625,0.06895874,430.6193
552610,552.577,1.754866,-0.7848001,0.94176,1.25568,22,0.04725,-0.0012,0.0333,0.05781775,430.3683
552657,552.625,2.936453,-0.7848001,1.5696,2.3544,22,0.0456,-0.0045,0.02115,0.05046715,428.5874
552734,552.701,2.046508,-0.7848001,1.41264,1.25568,22,0.03765,-0.0102,0.00525,0.03935893,426.9677
552787,552.753,1.915941,-0.94176,1.25568,1.09872,22,0.0309,-0.01125,-0.00015,0.03288457,426.6479
552838,552.805,2.501531,-1.09872,2.19744,0.47088,22,0.03045,-0.0129,-0.00105,0.03308648,425.4378
552921,552.889,3.212891,-1.72656,2.66832,0.47088,22,0.03105,-0.0108,-0.0015,0.03290885,425.2792
552968,552.937,3.154857,-1.88352,2.51136,0.31392,22,0.0333,-0.0102,-0.00105,0.03484297,423.826
553052,553.021,4.629655,-3.45312,2.98224,0.7848001,22,0.03585,-0.00555,0.00045,0.03627985,423.9978
553102,553.069,5.219953,-3.76704,2.98224,2.04048,22,0.03645,-0.0042,0.0003,0.0366924,422.5471
553152,553.1209,6.093203,-4.55184,2.3544,3.29616,22,0.03915,-0.0015,0.00165,0.03921345,423.678
553230,553.197,7.628321,-5.65056,3.29616,3.924,22,0.0426,0.0027,0.0051,0.04298907,423.7731
553282,553.249,12.82566,-7.22016,4.86576,9.417601,22,0.0435,0.00435,0.0069,0.04425813,424.3439
553330,553.297,8.486008,-6.12144,4.86576,3.29616,22,0.0453,0.00375,0.00765,0.04609419,423.7045
553525,553.493,7.694243,2.98224,6.43536,2.98224,22,0.01305,-0.0258,-0.00045,0.02891617,419.7305
553574,553.541,14.7183,6.12144,8.475841,10.35936,22,-0.01395,-0.0234,-0.00345,0.02746024,422.9541
553624,553.593,13.20798,6.59232,4.86576,10.35936,22,-0.03015,-0.00615,-0.007950001,0.03178124,423.7599
553709,553.677,8.205571,-0.31392,-0.7848001,8.161921,22,0.00015,0.02985,-0.0189,0.03533065,418.0368
553758,553.725,8.237037,-5.17968,3.76704,5.17968,22,0.0171,0.02295,-0.01665,0.03311095,418.4437
553841,553.809,25.70553,-7.22016,9.88848,22.60224,22,0.0273,0.0171,-0.012,0.03437586,418.6181
553897,553.861,12.97842,-0.31392,7.37712,10.67328,22,0.03585,0.01245,-0.0048,0.03825264,417.0116
553944,553.913,25.60373,4.08096,13.02768,21.66048,22,0.0303,-0.006,-0.00615,0.03149464,417.5268
554029,553.997,16.79399,6.59232,9.417601,12.24288,22,-0.006,-0.0105,-0.01515,0.01938485,417.836
554077,554.045,14.28509,4.55184,9.57456,9.57456,22,-0.0096,-0.0084,-0.0156,0.02015143,417.7805
554164,554.133,20.39635,-0.7848001,10.83024,17.2656,22,-0.0147,-0.0027,-0.01665,0.02237415,418.153
554212,554.181,10.35222,2.04048,6.43536,7.848001,22,-0.0078,0.0099,-0.02025,0.02385189,419.3738
554260,554.229,12.47807,3.1392,5.65056,10.67328,22,-0.0021,0.018,-0.02115,0.02785197,421.2656
554336,554.305,20.85325,-0.15696,6.12144,19.93392,22,0.0258,0.0264,-0.01215,0.03886158,417.8782
554385,554.353,8.519329,0.62784,3.61008,7.691041,22,0.036,0.01335,-0.00585,0.0388387,417.725
554432,554.401,13.06545,0.31392,7.0632,10.9872,22,0.02955,-0.0162,0.00045,0.0337023,417.865
554516,554.485,23.20886,1.25568,10.9872,20.4048,22,-0.0051,-0.0216,-0.00825,0.02367768,418.0104
554566,554.533,19.69332,2.98224,10.35936,16.4808,22,-0.0093,-0.007950001,-0.0165,0.02054124,418.0975
554652,554.621,23.62391,0.47088,9.417601,21.66048,22,0.02505,0.012,-0.0141,0.03114984,417.0882
554701,554.669,12.5047,3.29616,6.43536,10.2024,22,0.03105,-0.0039,-0.0057,0.03180884,416.462
554748,554.717,22.60115,-6.43536,14.59728,16.00992,22,0.02145,-0.02265,0.00015,0.03119531,416.4461
554824,554.793,10.49756,0.31392,5.96448,8.632801,22,0.00525,-0.0255,-0.0015,0.02607801,416.2849
554875,554.841,13.86322,-0.62784,4.23792,13.18464,22,0.0108,-0.0204,-0.006,0.02384953,416.1185
554924,554.893,5.950006,0.7848001,2.51136,5.33664,22,0.00825,-0.0228,-0.00525,0.02480857,416.3616
555009,554.977,12.86881,0.0,6.43536,11.14416,22,-0.01695,-0.0174,-0.009150001,0.02595737,419.7596
555058,555.026,8.924664,0.31392,4.23792,7.848001,22,-0.0207,-0.0003,-0.0171,0.02685126,417.9813
555144,555.113,9.164368,0.47088,4.7088,7.848001,22,-0.0087,0.0138,-0.0216,0.02706825,417.651
555193,555.161,8.293669,0.0,4.08096,7.22016,22,0.0027,0.01935,-0.0222,0.02957283,417.474
555241,555.209,5.828692,0.15696,2.66832,5.17968,22,0.0126,0.0225,-0.01935,0.03224023,416.1291
555329,555.297,9.169744,-1.25568,2.82528,8.632801,22,0.0339,0.01785,-0.00765,0.03906859,415.8014
555379,555.345,9.631002,-1.5696,3.61008,8.789761,22,0.03975,0.0021,0.0018,0.03984611,416.1291
555429,555.3969,11.06985,-2.04048,4.86576,9.731521,22,0.0369,-0.00975,0.0051,0.03850561,416.713
555505,555.473,6.936496,-1.5696,3.45312,5.80752,22,0.02565,-0.0234,0.0075,0.03552088,416.6364
555553,555.521,7.352031,-1.88352,3.61008,6.12144,22,0.01755,-0.0273,0.00675,0.03314898,415.9758
555606,555.573,8.523664,-1.25568,4.08096,7.37712,22,0.01395,-0.0273,0.00435,0.03096474,415.5689
555696,555.661,8.229556,0.0,4.7088,6.74928,22,-0.0054,-0.027,-0.00195,0.02760367,414.8555
555744,555.713,10.37006,0.31392,5.4936,8.789761,22,-0.0162,-0.0219,-0.0054,0.02777067,418.7027
555828,555.797,12.55386,0.47088,6.59232,10.67328,22,-0.0291,0.00255,-0.0129,0.0319331,419.5957
555878,555.845,11.94753,0.47088,5.65056,10.51632,22,-0.02025,0.0237,-0.01785,0.03592179,417.5744
555928,555.8969,10.25178,0.62784,3.61008,9.57456,22,-0.0072,0.03285,-0.0186,0.03843075,416.0101
556004,555.973,8.750432,-0.31392,3.1392,8.161921,22,0.02325,0.0309,-0.01335,0.0409096,414.3719
556052,556.021,8.959104,-0.7848001,3.61008,8.161921,22,0.036,0.0171,-0.00675,0.04042243,414.0522
556100,556.0689,10.25539,-1.72656,4.39488,9.103681,22,0.03855,0.0081,-0.00315,0.03951753,413.7352
556293,556.262,11.73112,-1.72656,5.80752,10.04544,22,0.00705,-0.02895,0.0033,0.02997824,414.409
556340,556.309,10.62702,-1.25568,5.33664,9.103681,22,-0.0009,-0.0294,0.0015,0.02945199,413.5053
556424,556.393,11.28476,-1.09872,5.02272,10.04544,22,-0.0129,-0.024,-0.0045,0.0276163,412.2951
556473,556.441,12.11036,-0.94176,5.33664,10.83024,22,-0.0213,-0.0141,-0.0093,0.02718437,413.2754
556520,556.489,12.70213,-1.25568,5.33664,11.45808,22,-0.02235,-0.00825,-0.0132,0.02723646,412.9557
556596,556.565,11.83149,1.25568,2.66832,11.45808,22,-0.01785,0.0027,-0.01905,0.02624528,413.5291
556646,556.613,10.79492,-2.04048,4.86576,9.417601,22,-0.01575,0.0018,-0.01875,0.02455331,412.8025
556696,556.6649,10.66982,-1.72656,4.7088,9.417601,22,-0.01245,0.00135,-0.01965,0.02330123,412.8791
556781,556.749,9.689659,-1.72656,3.29616,8.946721,22,-0.01035,0.00495,-0.02145,0.02432545,413.1354
556828,556.797,10.89262,-1.88352,3.76704,10.04544,22,-0.01185,0.006,-0.0207,0.02459497,413.1354
556904,556.873,11.43656,-2.04048,4.39488,10.35936,22,-0.01485,0.00825,-0.02055,0.02666247,413.463
556954,556.921,10.86317,-2.19744,3.924,9.88848,22,-0.01305,0.0081,-0.0207,0.025776,412.5726
557004,556.973,9.881004,-1.72656,2.98224,9.260641,22,-0.01275,0.0081,-0.0204,0.02538371,412.6518
557082,557.049,7.110133,-2.19744,2.51136,6.2784,22,-0.0126,0.0057,-0.02055,0.02476999,412.1683
557135,557.101,11.53416,-1.88352,4.7088,10.35936,22,-0.01965,0.003,-0.01725,0.02631891,412.9795
557185,557.154,8.231052,-2.3544,4.08096,6.74928,22,-0.021,0.0003,-0.01665,0.02680135,412.2423
557270,557.237,9.928264,-1.41264,4.39488,8.789761,22,-0.0246,-0.0078,-0.01185,0.02839758,411.5949
557321,557.289,10.68366,-0.47088,5.02272,9.417601,22,-0.01935,-0.01695,-0.00645,0.02652032,411.5315
557404,557.373,11.72692,-0.15696,5.4936,10.35936,22,-0.0003,-0.02655,-0.0027,0.02668862,411.5315
557455,557.421,9.759329,-0.15696,4.23792,8.789761,22,0.01215,-0.024,-0.00165,0.02695079,411.2884
557505,557.473,8.937078,-0.47088,3.61008,8.161921,22,0.02625,-0.01605,-0.00075,0.03077706,411.772
557591,557.557,10.60148,-1.72656,4.55184,9.417601,22,0.0327,-0.00645,-0.00195,0.03338705,410.7917
557642,557.609,10.93551,-2.04048,4.55184,9.731521,22,0.0336,0.0024,-0.0063,0.03426966,411.2752
557728,557.697,9.769422,-1.09872,3.76704,8.946721,22,0.02325,0.0171,-0.01515,0.03259593,411.365
557776,557.745,9.028953,-0.62784,3.45312,8.31888,22,0.01125,0.02295,-0.01965,0.03223953,411.0586
557824,557.793,9.503536,-0.15696,3.61008,8.789761,22,0.0036,0.0246,-0.02085,0.03244753,411.4655
557900,557.869,9.591271,0.15696,3.45312,8.946721,22,-0.01155,0.01455,-0.0204,0.02759103,411.4787
557950,557.917,6.32726,-1.88352,2.51136,5.4936,22,-0.01395,0.01185,-0.0207,0.02763177,411.0718
557996,557.965,8.758874,-1.09872,2.51136,8.31888,22,-0.0153,0.0087,-0.0201,0.02671685,410.3477
558080,558.049,11.01519,-1.5696,4.23792,10.04544,22,-0.01845,0.00585,-0.01875,0.02694787,410.6014
558128,558.097,11.91346,-1.88352,3.76704,11.14416,22,-0.0183,0.0045,-0.01905,0.02679632,410.4376
558212,558.181,11.81899,-1.5696,3.61008,11.14416,22,-0.0183,0.00285,-0.0183,0.02603656,410.9317
558262,558.229,9.636118,-0.94176,3.45312,8.946721,22,-0.0159,0.00375,-0.01905,0.02509532,410.361
558312,558.281,9.084718,-0.94176,2.66832,8.632801,22,-0.01575,0.00315,-0.01965,0.02537927,411.0981
558388,558.357,8.953602,-1.09872,2.66832,8.475841,22,-0.01455,0.0057,-0.0201,0.02545982,410.1311
558436,558.405,9.85479,-1.5696,2.98224,9.260641,22,-0.01365,0.00675,-0.0207,0.02569776,410.4614
558484,558.453,10.19757,-1.5696,3.1392,9.57456,22,-0.01335,0.009,-0.0213,0.02670042,409.9779
558571,558.537,10.32959,-1.41264,3.61008,9.57456,22,-0.009,0.01185,-0.0225,0.02697541,409.6608
558620,558.589,10.49639,-1.88352,3.45312,9.731521,22,-0.00465,0.01485,-0.02265,0.02748031,409.9779
558705,558.673,10.40445,-2.04048,3.924,9.417601,22,0.0009,0.018,-0.0222,0.02859458,408.847
558754,558.721,10.24096,-1.41264,3.76704,9.417601,22,0.0036,0.01815,-0.02205,0.02878515,408.9236
558804,558.773,10.34746,-1.72656,3.924,9.417601,22,0.009,0.018,-0.02085,0.02897797,408.4401
559001,558.969,11.30439,-1.72656,4.55184,10.2024,22,0.01635,0.0093,-0.0189,0.02666501,407.8033
559050,559.017,10.97374,-1.88352,4.7088,9.731521,22,0.01845,0.0075,-0.01755,0.02654534,407.5628
559101,559.069,11.04312,-1.41264,4.7088,9.88848,22,0.01905,0.0063,-0.01635,0.02588272,407.4862
559185,559.153,12.02461,-0.47088,6.59232,10.04544,22,0.0201,0.00045,-0.0144,0.02472999,406.9155
559234,559.201,11.47956,-1.5696,5.02272,10.2024,22,0.01935,-0.00195,-0.0138,0.0238467,407.0793
559321,559.289,10.06137,-0.62784,4.23792,9.103681,22,0.0162,-0.0045,-0.0144,0.02213707,407.65
559373,559.341,9.739113,-0.7848001,3.76704,8.946721,22,0.015,-0.00435,-0.0156,0.02207448,407.2589
559422,559.389,9.373023,-0.7848001,3.924,8.475841,22,0.0123,-0.0039,-0.0165,0.02094636,407.4994
559503,559.469,9.522959,-0.62784,3.61008,8.789761,22,0.0105,-0.00465,-0.0165,0.0201028,406.926
559554,559.521,9.276588,-0.15696,3.76704,8.475841,22,0.01005,-0.0051,-0.0171,0.02047981,407.4096
559604,559.573,9.587419,-1.41264,2.04048,9.260641,22,0.0099,-0.00645,-0.0159,0.01980966,406.7622
559688,559.657,9.073863,-1.09872,3.45312,8.31888,22,0.0096,-0.0069,-0.01635,0.02017653,406.6089
559737,559.705,9.380905,-0.94176,3.1392,8.789761,22,0.0096,-0.006,-0.01695,0.0203829,406.7754
559820,559.789,9.167056,-0.7848001,2.98224,8.632801,22,0.01065,-0.00345,-0.01635,0.01981533,406.3817
559868,559.837,9.325592,-1.25568,3.29616,8.632801,22,0.0105,-0.0039,-0.01665,0.02006695,406.3051
559916,559.885,10.73198,-1.41264,3.924,9.88848,22,0.0111,-0.00495,-0.0162,0.02025222,405.8084
559992,559.961,9.528132,-0.94176,3.1392,8.946721,22,0.01425,-0.00225,-0.015,0.02081166,405.8982
560042,560.009,10.16975,-0.94176,3.29616,9.57456,22,0.01755,-0.003,-0.015,0.02328095,405.0077
560092,560.061,10.42337,-1.25568,3.924,9.57456,22,0.01965,-0.00345,-0.0129,0.02375784,405.5045
560177,560.145,11.33377,-1.09872,4.08096,10.51632,22,0.0219,-0.00195,-0.0126,0.02534112,405.7449
560224,560.193,12.05735,-1.25568,2.98224,11.61504,22,0.0228,0.0006,-0.01245,0.02598466,405.4278
560308,560.277,13.20891,-1.25568,5.17968,12.08592,22,0.02385,0.00495,-0.01455,0.028373,405.2614
560357,560.325,13.9297,-0.94176,4.39488,13.18464,22,0.02385,0.0084,-0.01485,0.02932414,404.6906
560404,560.373,12.57445,-1.25568,4.23792,11.772,22,0.02175,0.0117,-0.01695,0.02995422,404.7039
560481,560.449,9.041223,-0.7848001,3.45312,8.31888,22,0.01785,0.0174,-0.0189,0.03128246,405.2006
560531,560.497,9.87851,-0.94176,4.08096,8.946721,22,0.01515,0.02025,-0.01995,0.0322116,404.2362
560581,560.549,10.46466,-0.7848001,3.76704,9.731521,22,0.00855,0.02355,-0.0207,0.03249915,406.3447
560665,560.633,10.67097,-1.09872,4.23792,9.731521,22,-0.0006,0.0252,-0.0222,0.03358929,405.0765
560714,560.681,10.16854,-1.09872,4.39488,9.103681,22,-0.00495,0.02325,-0.0216,0.03211892,404.622
560801,560.769,10.67559,-1.72656,4.39488,9.57456,22,-0.01635,0.01815,-0.02085,0.03211647,405.4648
560853,560.821,10.6189,-0.31392,4.23792,9.731521,22,-0.01965,0.01335,-0.0186,0.03017126,405.2376
560901,560.869,9.122604,-1.09872,3.924,8.161921,22,-0.0231,0.00855,-0.0171,0.02998537,404.7091
560977,560.945,8.018798,-1.09872,3.924,6.90624,22,-0.02685,0.0033,-0.015,0.03093238,404.9813
561027,560.993,7.893387,-1.25568,3.61008,6.90624,22,-0.02745,-0.0009,-0.012,0.02997186,405.9774
561077,561.045,9.471077,-1.09872,4.08096,8.475841,22,-0.0273,-0.00495,-0.01095,0.02982776,406.4081
561161,561.129,10.29854,-1.5696,4.55184,9.103681,22,-0.02505,-0.0144,-0.00615,0.02954124,415.849
561210,561.177,11.16294,-1.72656,4.55184,10.04544,22,-0.0222,-0.0183,-0.0048,0.02916796,408.2815
561299,561.265,11.32943,-1.88352,4.55184,10.2024,22,-0.0198,-0.02355,0.0,0.03076756,403.7923
561350,561.317,11.46883,-2.3544,3.924,10.51632,22,-0.0189,-0.0255,0.00345,0.03192746,402.8754
561400,561.369,10.37956,-2.3544,4.39488,9.103681,22,-0.01695,-0.02775,0.00435,0.03280682,401.9744
561477,561.446,11.38582,-2.19744,4.55184,10.2024,22,-0.01275,-0.02865,0.0042,0.03163898,401.9744
561524,561.493,10.86204,-1.88352,4.08096,9.88848,22,-0.0129,-0.0291,0.0042,0.03210701,401.158
561573,561.542,10.38667,-2.04048,4.23792,9.260641,22,-0.01275,-0.0294,0.00525,0.03247283,400.6004
561764,561.733,11.32399,-2.19744,4.39488,10.2024,22,-0.01035,-0.03,0.00465,0.03207405,400.5397
561812,561.781,11.09986,-1.72656,4.39488,10.04544,22,-0.0099,-0.03075,0.00585,0.03282979,400.7035
561896,561.865,10.28178,-1.41264,4.23792,9.260641,22,-0.0078,-0.03015,0.00465,0.03148786,400.5502
561945,561.913,10.17944,-1.5696,3.924,9.260641,22,-0.00675,-0.02895,0.0036,0.0299437,400.4631
561992,561.961,9.70744,-1.25568,3.924,8.789761,22,-0.0057,-0.02895,0.00135,0.02953667,399.9055
562069,562.037,9.909635,-1.72656,4.23792,8.789761,22,-0.0051,-0.027,-0.0015,0.02751836,399.8289
562116,562.085,10.86204,-1.88352,4.08096,9.88848,22,-0.0048,-0.02595,-0.0003,0.0263919,399.9187
562165,562.133,11.38474,-1.72656,4.39488,10.35936,22,-0.0054,-0.027,0.00015,0.02753511,398.9411
562249,562.2169,12.09407,-2.19744,4.55184,10.9872,22,-0.00285,-0.0267,-0.00045,0.02685544,399.7523
562296,562.265,13.0579,-1.72656,5.02272,11.92896,22,-0.0012,-0.0261,-0.0006,0.02613446,399.6783
562380,562.349,11.95166,-2.19744,4.55184,10.83024,22,0.00225,-0.02565,-0.0027,0.02588967,399.7681
562429,562.397,12.16313,-1.88352,4.86576,10.9872,22,0.0042,-0.02385,-0.00405,0.02455331,399.1181
562476,562.445,13.04752,-1.41264,4.7088,12.08592,22,0.0054,-0.02235,-0.00465,0.02345858,399.7681
562554,562.521,11.67323,-1.41264,4.86576,10.51632,22,0.00825,-0.02175,-0.00585,0.0239864,400.8224
562605,562.573,12.53029,-1.88352,4.7088,11.45808,22,0.00765,-0.0195,-0.0063,0.02187379,398.9675
562653,562.621,12.63893,-1.88352,5.33664,11.30112,22,0.00825,-0.0198,-0.0072,0.02262615,399.0415
562737,562.705,12.16111,-1.72656,4.55184,11.14416,22,0.01065,-0.01965,-0.007950001,0.0237223,399.7681
562785,562.753,11.12314,-1.72656,4.08096,10.2024,22,0.0117,-0.0171,-0.00825,0.02230163,399.2846
562869,562.837,10.32243,-1.5696,3.924,9.417601,22,0.0135,-0.0165,-0.0084,0.02291419,399.9319
562917,562.885,10.80405,-1.88352,3.924,9.88848,22,0.01305,-0.01665,-0.009150001,0.02304881,398.5606
562966,562.933,10.40445,-2.04048,3.924,9.417601,22,0.0147,-0.01455,-0.0093,0.0226778,399.1181
563046,563.013,10.43755,-1.09872,3.61008,9.731521,22,0.01785,-0.01245,-0.00975,0.02384717,398.801
563098,563.065,10.37718,-1.72656,3.61008,9.57456,22,0.01995,-0.0114,-0.009150001,0.02473227,397.9899
563164,563.129,10.43282,-1.72656,3.76704,9.57456,22,0.021,-0.01065,-0.00825,0.02494965,398.4708
563225,563.193,10.8847,-1.5696,3.45312,10.2024,22,0.0219,-0.0105,-0.0078,0.02550882,398.4708
563272,563.241,10.54089,-1.5696,3.29616,9.88848,22,0.0237,-0.009150001,-0.0087,0.02685335,398.3043
563356,563.325,10.17823,-1.72656,3.45312,9.417601,22,0.02475,-0.00645,-0.00885,0.0270645,397.5063
563406,563.373,9.400581,-1.72656,3.29616,8.632801,22,0.0246,-0.0051,-0.0093,0.02678918,397.6569
563456,563.425,9.808431,-1.5696,3.29616,9.103681,22,0.0258,-0.0048,-0.009150001,0.02779213,397.3399
563540,563.5089,9.512606,-1.5696,2.82528,8.946721,22,0.02565,-0.00405,-0.00885,0.02743442,397.8234
563590,563.557,9.544924,-1.72656,3.29616,8.789761,22,0.0255,-0.00495,-0.007950001,0.02716533,397.3267
563677,563.645,9.180484,-1.25568,3.29616,8.475841,22,0.02565,-0.0048,-0.0087,0.02750732,397.7335
563729,563.697,9.242001,-1.41264,2.98224,8.632801,22,0.02595,-0.0054,-0.0084,0.02780508,397.0096
563776,563.745,9.125305,-1.25568,3.1392,8.475841,22,0.02625,-0.0054,-0.0087,0.02817645,397.1734
563857,563.826,9.662926,-1.5696,3.29616,8.946721,22,0.02475,-0.0069,-0.00825,0.02698583,396.4494
563906,563.873,9.657825,-1.72656,3.61008,8.789761,22,0.0237,-0.00765,-0.00885,0.02642982,397.0228
563956,563.925,8.926044,-1.25568,2.98224,8.31888,22,0.02265,-0.00945,-0.009150001,0.02619251,397.4138
564040,564.009,8.974216,-1.41264,3.45312,8.161921,22,0.0219,-0.0093,-0.0087,0.02533357,396.209
564091,564.057,9.084717,-1.5696,3.29616,8.31888,22,0.0216,-0.01065,-0.00855,0.02555553,395.9685
564176,564.145,47.47592,18.36432,-40.49568,16.63776,22,0.00495,-0.036,0.0153,0.03942832,395.7413
564225,564.193,11.22456,-1.09872,10.67328,3.29616,22,0.015,-0.03645,0.02205,0.0451642,395.6515
564272,564.241,42.08314,-8.475841,40.8096,5.80752,22,0.0375,-0.0177,0.0267,0.04931967,396.6793
564469,564.437,2.306832,1.5696,0.62784,1.5696,22,0.0093,0.0585,0.00135,0.05925,396.7824
564521,564.489,15.43724,8.00496,0.62784,13.18464,22,-0.0159,0.05535,-0.00135,0.0576043,398.6795
564568,564.537,5.531588,0.62784,0.15696,-5.4936,22,-0.0369,0.03195,-0.0015,0.04883301,398.0321
564652,564.621,28.42753,23.23008,-2.66832,16.16688,22,-0.0408,-0.00495,0.00135,0.04112134,396.7956
564701,564.669,10.57356,3.29616,4.86576,8.789761,22,-0.03045,-0.02085,0.0072,0.03760007,396.962
564787,564.753,8.254962,-0.7848001,3.924,7.22016,22,-0.0057,-0.0309,0.02115,0.03787641,397.2183
564837,564.805,5.475633,0.0,2.51136,4.86576,22,0.00465,-0.0315,0.0294,0.04333858,397.6992
564886,564.853,4.050663,-0.62784,3.61008,-1.72656,22,0.00975,-0.0327,0.03015,0.04553433,396.3279
564964,564.933,9.579705,0.0,2.98224,9.103681,22,0.0225,-0.02715,0.0219,0.04150882,395.0675
565014,564.981,50.19433,-18.36432,46.46016,-4.86576,22,0.033,-0.0246,0.0255,0.0484191,396.032
565068,565.033,15.07879,-3.76704,13.02768,-6.59232,22,0.03945,-0.0195,0.0249,0.05056247,395.5352
565152,565.1209,16.73594,-7.0632,6.2784,-13.81248,22,0.04935,-0.0024,0.02385,0.05486351,395.8523
565202,565.169,16.83062,-1.25568,7.0632,-15.22512,22,0.05115,0.0078,0.0201,0.05550831,394.9618
565289,565.257,13.80267,-2.66832,9.417601,9.731521,22,0.04545,0.03195,0.015,0.05754567,395.9421
565340,565.309,27.17449,-23.544,-10.2024,-8.946721,22,0.042,0.03645,0.0141,0.05737083,396.1825
565390,565.357,25.87128,-17.57952,-10.67328,-15.696,22,0.03735,0.04215,0.0129,0.0577759,395.699
565468,565.437,9.084717,-7.22016,-5.4936,0.47088,22,0.03375,0.0462,0.01275,0.05861795,396.7559
565517,565.485,9.421523,-7.37712,-5.80752,0.7848001,22,0.0339,0.04545,0.01215,0.05798737,396.1059
565565,565.534,9.76816,-9.103681,-3.45312,0.7848001,22,0.03615,0.0438,0.01275,0.05820503,396.2592
565652,565.6209,8.809359,-8.475841,-2.3544,-0.47088,22,0.04275,0.03525,0.0141,0.05717461,396.1693
565701,565.669,9.318985,-8.632801,1.5696,3.1392,22,0.04605,0.02895,0.0153,0.05650482,395.2023
565788,565.757,10.37125,-9.731521,3.29616,-1.41264,22,0.0489,0.018,0.0186,0.05532784,395.4453
565836,565.805,9.662925,-8.31888,4.7088,-1.41264,22,0.04965,0.0087,0.0198,0.05415582,395.5193
565886,565.853,9.988873,-8.31888,5.4936,-0.62784,22,0.04935,0.0036,0.02055,0.05357877,395.4321
565964,565.933,10.37006,-7.0632,7.53408,-0.94176,22,0.04665,-0.00585,0.0225,0.05212193,395.189
566013,565.981,9.589987,-5.65056,7.691041,-0.94176,22,0.0432,-0.01305,0.02415,0.05118364,392.9299
566060,566.029,9.20728,-5.02272,7.691041,-0.62784,22,0.03975,-0.0177,0.02295,0.04919405,393.7437
566144,566.1129,7.904304,-0.94176,7.53408,2.19744,22,0.03,-0.0273,0.0231,0.04667869,393.6803
566194,566.161,10.5689,-0.47088,10.51632,-0.94176,22,0.02205,-0.03345,0.02445,0.04693514,393.5297
566280,566.249,7.794451,1.41264,7.53408,1.41264,22,0.01275,-0.03585,0.0246,0.04530944,394.6738
566329,566.297,9.344065,1.88352,9.103681,-0.94176,22,0.0099,-0.03645,0.024,0.04475056,394.5972
566376,566.345,11.08765,2.3544,10.83024,-0.31392,22,0.0084,-0.0375,0.0231,0.04483771,393.9498
566452,566.421,10.65133,1.5696,10.51632,-0.62784,22,0.01035,-0.03675,0.02415,0.04517641,393.7834
566502,566.469,10.62122,1.41264,10.51632,-0.47088,22,0.01305,-0.0363,0.0243,0.04559037,393.3024
566553,566.521,10.53738,0.47088,10.51632,-0.47088,22,0.0168,-0.03525,0.02445,0.04607174,393.6195
566637,566.6049,10.1879,-0.94176,10.04544,-1.41264,22,0.02445,-0.03195,0.0243,0.04700101,393.1228
566686,566.653,10.11022,-1.88352,9.88848,-0.94176,22,0.02715,-0.0306,0.02415,0.04750479,393.2734
566773,566.741,9.450244,-3.45312,8.475841,-2.3544,22,0.03465,-0.02355,0.02445,0.04850802,392.2958
566822,566.79,9.953047,-5.17968,8.475841,-0.62784,22,0.03735,-0.02115,0.0234,0.04888665,393.7437
566875,566.841,10.13091,-5.4936,8.475841,-0.7848001,22,0.0372,-0.0216,0.02355,0.04904082,393.7437
566953,566.921,10.31885,-3.76704,9.57456,-0.7848001,22,0.0351,-0.02385,0.0237,0.04860579,392.7767
567000,566.969,10.36887,-3.45312,9.731521,-0.94176,22,0.0333,-0.02565,0.0234,0.04810792,393.5773
567049,567.017,10.83024,-2.51136,10.51632,-0.62784,22,0.03075,-0.02715,0.024,0.04752563,394.074
567240,567.209,10.4623,-2.04048,10.2024,-1.09872,22,0.0288,-0.0291,0.02355,0.0472319,394.7953
567288,567.257,10.31288,-2.19744,10.04544,-0.7848001,22,0.0303,-0.0282,0.02385,0.04777188,395.5193
567372,567.341,10.30452,-3.29616,9.731521,-0.7848001,22,0.0336,-0.0258,0.02325,0.04832352,395.1124
567422,567.389,10.17338,-3.76704,9.417601,-0.7848001,22,0.0348,-0.0243,0.0237,0.04861297,394.5417
567472,567.441,10.23254,-3.924,9.417601,-0.7848001,22,0.03555,-0.02355,0.024,0.04893266,394.9486
567549,567.517,10.51163,-3.924,9.731521,-0.62784,22,0.03525,-0.0231,0.024,0.0484992,394.9486
567596,567.565,10.3843,-3.45312,9.731521,-1.09872,22,0.0342,-0.02475,0.0234,0.04826761,394.872
567645,567.613,10.46583,-3.29616,9.88848,-0.94176,22,0.0327,-0.02535,0.02295,0.047314,394.148
567730,567.697,10.27219,-2.66832,9.88848,-0.7848001,22,0.03165,-0.02655,0.0237,0.04762683,394.148
567780,567.749,10.39734,-2.51136,10.04544,-0.94176,22,0.03105,-0.0267,0.02385,0.04739003,394.3145
567864,567.833,10.45288,-3.29616,9.88848,-0.7848001,22,0.0324,-0.02685,0.02385,0.04836843,395.2789
567912,567.881,10.48112,-3.29616,9.88848,-1.09872,22,0.0321,-0.0261,0.02355,0.04760486,394.2246
567962,567.929,10.46583,-3.29616,9.88848,-0.94176,22,0.03165,-0.02595,0.02295,0.04692363,394.3911
568042,568.0089,10.65827,-2.98224,10.2024,-0.7848001,22,0.03165,-0.0264,0.02325,0.04732066,394.7214
568092,568.061,10.52101,-2.98224,10.04544,-0.94176,22,0.03135,-0.02625,0.0234,0.04711099,394.2246
568142,568.109,10.40445,-3.1392,9.88848,-0.7848001,22,0.03255,-0.02595,0.02355,0.0478279,394.7214
568230,568.197,10.3272,-2.82528,9.88848,-0.94176,22,0.03195,-0.02595,0.02325,0.04727333,395.2023
568280,568.249,10.61426,-3.29616,10.04544,-0.94176,22,0.0318,-0.02655,0.02295,0.04735868,394.2378
568358,568.326,10.37125,-2.98224,9.88848,-0.94176,22,0.0321,-0.0261,0.024,0.04782907,395.2181
568408,568.377,10.35817,-2.98224,9.88848,-0.7848001,22,0.0315,-0.0267,0.0243,0.04791274,394.2378
568458,568.426,10.25539,-2.98224,9.731521,-1.25568,22,0.03165,-0.0264,0.02445,0.04792165,395.3687
568548,568.513,10.65827,-2.98224,10.2024,-0.7848001,22,0.0318,-0.02625,0.024,0.04771061,394.3145
568597,568.565,10.4776,-2.82528,10.04544,-0.94176,22,0.0321,-0.027,0.0234,0.04803092,395.699
568681,568.649,10.53622,-2.98224,10.04544,-1.09872,22,0.03165,-0.0267,0.02445,0.04808757,395.1283
568730,568.697,10.39379,-3.1392,9.88848,-0.62784,22,0.03165,-0.02595,0.02295,0.04692363,395.0517
568783,568.749,10.50812,-2.98224,10.04544,-0.7848001,22,0.0315,-0.0267,0.02355,0.04753675,395.1283
568861,568.829,10.50812,-2.98224,10.04544,-0.7848001,22,0.0315,-0.02685,0.02385,0.04777023,394.6447
568908,568.877,10.37125,-2.98224,9.88848,-0.94176,22,0.0315,-0.0273,0.0237,0.04795029,395.2023
568958,568.925,10.59916,-3.1392,10.04544,-1.25568,22,0.03165,-0.02745,0.02385,0.04820837,394.5549
569046,569.013,10.50812,-2.98224,10.04544,-0.7848001,22,0.03135,-0.02655,0.02415,0.04765446,395.5352
569097,569.065,10.37125,-2.98224,9.88848,-0.94176,22,0.03195,-0.0261,0.0237,0.04757838,394.4809
569180,569.149,10.41746,-3.1392,9.88848,-0.94176,22,0.03195,-0.0258,0.0237,0.04741448,394.8852
569228,569.197,10.37125,-2.98224,9.88848,-0.94176,22,0.0321,-0.0273,0.0237,0.04834656,395.3687
569277,569.245,10.41746,-3.1392,9.88848,-0.94176,22,0.0324,-0.02655,0.02355,0.04805481,394.5549
569354,569.321,10.40445,-3.1392,9.88848,-0.7848001,22,0.0315,-0.027,0.02415,0.04800492,394.8852
569404,569.373,10.40445,-3.1392,9.88848,-0.7848001,22,0.0324,-0.02685,0.0234,0.04814813,395.3687
569454,569.421,10.41746,-3.1392,9.88848,-0.94176,22,0.0315,-0.02685,0.02325,0.04747352,394.8852
569541,569.509,10.39379,-3.1392,9.88848,-0.62784,22,0.03195,-0.02625,0.02355,0.04758642,394.8852
569592,569.561,10.39379,-3.1392,9.88848,-0.62784,22,0.03135,-0.0267,0.02415,0.04773819,394.074
569677,569.645,10.40445,-3.1392,9.88848,-0.7848001,22,0.0318,-0.0258,0.0237,0.04731353,394.9618
569724,569.693,10.37125,-2.98224,9.88848,-0.94176,22,0.0321,-0.0264,0.02385,0.0479186,394.9618
569773,569.741,10.41746,-3.1392,9.88848,-0.94176,22,0.0327,-0.0264,0.02385,0.04832259,395.3687
569969,569.937,10.26859,-3.1392,9.731521,-0.94176,22,0.0315,-0.02655,0.02415,0.04775328,395.3687
570016,569.985,10.41746,-3.1392,9.88848,-0.94176,22,0.0324,-0.02595,0.02445,0.04817639,395.7756
570065,570.033,10.41746,-3.1392,9.88848,-0.94176,22,0.03165,-0.0267,0.0243,0.04801148,395.0517
570150,570.117,10.70325,-3.1392,10.2024,-0.7848001,22,0.03255,-0.02595,0.02385,0.04797632,395.2921
570200,570.169,10.40445,-3.1392,9.88848,-0.7848001,22,0.0318,-0.02625,0.0243,0.04786222,394.7346
570284,570.253,10.20844,-2.98224,9.731521,-0.7848001,22,0.03285,-0.0261,0.02385,0.04826132,394.9776
570334,570.301,10.26859,-3.1392,9.731521,-0.94176,22,0.0321,-0.02565,0.0246,0.04789042,394.8244
570381,570.349,10.46583,-3.29616,9.88848,-0.94176,22,0.03225,-0.0264,0.0231,0.04765115,395.625
570457,570.425,10.40445,-3.1392,9.88848,-0.7848001,22,0.0321,-0.0264,0.02325,0.04762281,395.8787
570506,570.473,10.37125,-2.98224,9.88848,-0.94176,22,0.03225,-0.02655,0.02355,0.0479538,394.4941
570557,570.525,10.35817,-2.98224,9.88848,-0.7848001,22,0.0324,-0.02595,0.024,0.04794958,394.901
570642,570.609,10.56657,-3.1392,10.04544,-0.94176,22,0.03135,-0.0264,0.0231,0.0470467,395.1547
570695,570.661,10.40445,-3.1392,9.88848,-0.7848001,22,0.0324,-0.0264,0.02385,0.04812008,394.7478
570780,570.749,10.3272,-2.82528,9.88848,-0.94176,22,0.0324,-0.0267,0.02385,0.04828532,394.2669
570830,570.797,10.48112,-3.29616,9.88848,-1.09872,22,0.03165,-0.027,0.02325,0.047658,395.2313
570880,570.849,10.60148,-3.29616,10.04544,-0.7848001,22,0.0327,-0.0267,0.02415,0.04863541,394.2669
570956,570.925,10.41746,-3.1392,9.88848,-0.94176,22,0.0318,-0.0264,0.0231,0.04734776,394.7478
571004,570.973,10.20844,-2.98224,9.731521,-0.7848001,22,0.0318,-0.02625,0.024,0.04771061,394.9142
571052,571.021,10.58171,-3.1392,10.04544,-1.09872,22,0.0318,-0.02595,0.024,0.04754622,394.9142
571138,571.105,10.41746,-3.1392,9.88848,-0.94176,22,0.0321,-0.0264,0.02385,0.0479186,395.485
571188,571.157,10.53622,-2.98224,10.04544,-1.09872,22,0.0312,-0.02595,0.0237,0.04699502,395.0807
571272,571.241,10.41746,-3.1392,9.88848,-0.94176,22,0.03135,-0.0261,0.0234,0.04702757,395.7281
571321,571.289,10.2217,-2.98224,9.731521,-0.94176,22,0.0315,-0.02625,0.024,0.04751119,394.4307
571368,571.337,10.2217,-2.98224,9.731521,-0.94176,22,0.0318,-0.02655,0.02415,0.04795169,394.9275
571445,571.413,10.4776,-2.82528,10.04544,-0.94176,22,0.03135,-0.02625,0.0234,0.04711099,395.2445
571492,571.461,10.25539,-3.1392,9.731521,-0.7848001,22,0.0324,-0.0264,0.02385,0.04812008,395.1705
571542,571.509,10.37125,-2.98224,9.88848,-0.94176,22,0.03165,-0.02685,0.02385,0.04786928,395.0041
571629,571.597,10.26859,-3.1392,9.731521,-0.94176,22,0.03165,-0.02715,0.0231,0.04767027,395.4982
571676,571.645,10.26859,-3.1392,9.731521,-0.94176,22,0.03225,-0.0261,0.02355,0.04770613,395.411
571760,571.729,10.53622,-2.98224,10.04544,-1.09872,22,0.0321,-0.02625,0.02355,0.04768726,394.0396
571810,571.777,10.35817,-2.98224,9.88848,-0.7848001,22,0.03255,-0.02685,0.0234,0.0482492,394.4466
571860,571.829,10.40445,-3.1392,9.88848,-0.7848001,22,0.0321,-0.02655,0.02355,0.04785306,394.7636
571937,571.905,10.41746,-3.1392,9.88848,-0.94176,22,0.03225,-0.027,0.0231,0.04798617,395.8945
571984,571.953,10.2217,-2.98224,9.731521,-0.94176,22,0.0318,-0.0267,0.0228,0.04737056,394.4466
572034,572.001,10.56657,-3.1392,10.04544,-0.94176,22,0.0321,-0.0264,0.0237,0.04784412,395.2445
572123,572.089,10.41746,-3.1392,9.88848,-0.94176,22,0.03165,-0.02685,0.02355,0.04772052,395.1705
572173,572.141,10.53622,-2.98224,10.04544,-1.09872,22,0.0318,-0.02595,0.02295,0.04702494,393.963
572261,572.229,10.37125,-2.98224,9.88848,-0.94176,22,0.0318,-0.02655,0.02355,0.04765234,394.9275
572311,572.277,10.40445,-3.1392,9.88848,-0.7848001,22,0.03105,-0.0258,0.02415,0.04704216,394.8535
572361,572.3289,10.38667,-2.98224,9.88848,-1.09872,22,0.0315,-0.02625,0.02355,0.04728547,395.0939
572446,572.413,10.41746,-3.1392,9.88848,-0.94176,22,0.03195,-0.0258,0.024,0.04756514,394.7636
572496,572.461,10.26859,-3.1392,9.731521,-0.94176,22,0.0318,-0.0261,0.0231,0.04718114,395.5774
572668,572.637,10.52101,-2.98224,10.04544,-0.94176,22,0.03285,-0.02595,0.0234,0.0479592,395.4242
572730,572.697,10.41746,-3.1392,9.88848,-0.94176,22,0.0324,-0.0261,0.02415,0.04810606,395.2577
572780,572.749,10.41746,-3.1392,9.88848,-0.94176,22,0.0315,-0.02655,0.024,0.04767759,395.4982
572856,572.825,10.52101,-2.98224,10.04544,-0.94176,22,0.0324,-0.027,0.0237,0.0483782,394.7768
572906,572.873,10.40445,-3.1392,9.88848,-0.7848001,22,0.03165,-0.02535,0.02355,0.04689294,395.0173
572956,572.925,10.52101,-2.98224,10.04544,-0.94176,22,0.0318,-0.02655,0.02385,0.04780131,395.3344
573040,573.009,10.3427,-2.82528,9.88848,-1.09872,22,0.0324,-0.02625,0.02355,0.04788971,395.6647
573090,573.057,10.40445,-3.1392,9.88848,-0.7848001,22,0.033,-0.02565,0.02385,0.04812219,395.7413
573177,573.145,10.33317,-3.29616,9.731521,-1.09872,22,0.0327,-0.02655,0.024,0.04847878,394.6104
573228,573.197,10.33317,-3.29616,9.731521,-1.09872,22,0.03285,-0.0255,0.0237,0.04786505,395.0173
573278,573.245,10.46583,-3.29616,9.88848,-0.94176,22,0.03375,-0.02445,0.0237,0.04794325,395.4242
573356,573.325,10.42219,-3.61008,9.731521,-0.94176,22,0.03465,-0.02475,0.02355,0.04865992,394.9433
573405,573.373,10.58404,-3.61008,9.88848,-1.09872,22,0.0339,-0.0252,0.024,0.04858241,394.2035
573452,573.421,10.51632,-3.45312,9.88848,-0.94176,22,0.03285,-0.0255,0.024,0.0480143,394.2933
573537,573.505,10.53154,-3.45312,9.88848,-1.09872,22,0.033,-0.0249,0.02415,0.04787727,394.6104
573586,573.5529,10.31766,-3.29616,9.731521,-0.94176,22,0.03375,-0.0246,0.02385,0.04809412,394.8667
573673,573.641,10.5689,-3.61008,9.88848,-0.94176,22,0.0333,-0.02445,0.02385,0.04770236,394.9433
573720,573.689,10.30452,-3.29616,9.731521,-0.7848001,22,0.0339,-0.02505,0.02385,0.04843072,395.7545
573772,573.737,10.3843,-3.45312,9.731521,-1.09872,22,0.0339,-0.02475,0.02415,0.04842515,394.7002
573850,573.817,10.50343,-3.45312,9.88848,-0.7848001,22,0.0327,-0.02535,0.024,0.04783213,395.3476
573901,573.869,10.51632,-3.45312,9.88848,-0.94176,22,0.0339,-0.02595,0.024,0.04897563,395.0332
573948,573.917,10.45288,-3.29616,9.88848,-0.7848001,22,0.033,-0.0258,0.0234,0.04798125,395.2736
574032,574.001,10.40445,-3.1392,9.88848,-0.7848001,22,0.03315,-0.0255,0.024,0.04822004,394.8667
574082,574.049,10.31766,-3.29616,9.731521,-0.94176,22,0.0333,-0.0249,0.02355,0.047786,395.0463
574169,574.137,10.36887,-3.45312,9.731521,-0.94176,22,0.03345,-0.02475,0.0237,0.0478869,395.123
574217,574.185,10.51632,-3.45312,9.88848,-0.94176,22,0.03435,-0.02505,0.0234,0.04852819,394.9565
574266,574.233,10.3093,-3.61008,9.57456,-1.25568,22,0.03435,-0.0252,0.02295,0.04839075,394.5496
574346,574.313,10.42219,-3.61008,9.731521,-0.94176,22,0.0333,-0.02535,0.0237,0.04809576,394.8799
574400,574.366,10.43755,-3.61008,9.731521,-1.09872,22,0.03315,-0.0252,0.0234,0.04776528,395.2868
574448,574.417,10.46583,-3.29616,9.88848,-0.94176,22,0.03345,-0.02625,0.02325,0.0484616,394.6395
574532,574.5009,10.30452,-3.29616,9.731521,-0.7848001,22,0.0318,-0.02595,0.0234,0.04724619,395.8602
574581,574.549,10.56657,-3.1392,10.04544,-0.94176,22,0.03285,-0.02565,0.0237,0.04794513,395.6937
574664,574.633,10.46583,-3.29616,9.88848,-0.94176,22,0.0333,-0.0252,0.0243,0.04831584,395.2868
574712,574.681,10.46583,-3.29616,9.88848,-0.94176,22,0.03345,-0.0246,0.02355,0.04773536,395.4533
574760,574.729,10.50343,-3.45312,9.88848,-0.7848001,22,0.0336,-0.02535,0.0237,0.04830396,394.4889
574837,574.806,10.7159,-3.61008,10.04544,-0.94176,22,0.03285,-0.02505,0.02325,0.04740451,395.3027
574886,574.853,10.35103,-3.29616,9.731521,-1.25568,22,0.0339,-0.02505,0.0237,0.04835703,395.6198
574936,574.905,10.49874,-3.29616,9.88848,-1.25568,22,0.0333,-0.02505,0.0237,0.04793832,395.3027
575025,574.993,10.35579,-3.45312,9.731521,-0.7848001,22,0.0327,-0.02565,0.0243,0.04814252,395.226
575072,575.041,10.35579,-3.45312,9.731521,-0.7848001,22,0.0339,-0.0249,0.0237,0.0482795,394.3382
575156,575.125,10.35579,-3.45312,9.731521,-0.7848001,22,0.0342,-0.0246,0.0234,0.04819087,395.9659
575205,575.1729,10.55607,-3.61008,9.88848,-0.7848001,22,0.03345,-0.02505,0.02325,0.04782225,394.9856
575252,575.221,10.53154,-3.45312,9.88848,-1.09872,22,0.0336,-0.0258,0.02385,0.04861504,395.1521
575456,575.425,10.31766,-3.29616,9.731521,-0.94176,22,0.0333,-0.0249,0.0228,0.04742088,395.7994
575504,575.473,10.46583,-3.29616,9.88848,-0.94176,22,0.03375,-0.02535,0.024,0.048556,395.4823
575554,575.521,10.53154,-3.45312,9.88848,-1.09872,22,0.033,-0.02565,0.0246,0.04849827,394.835
575640,575.609,10.51632,-3.45312,9.88848,-0.94176,22,0.0327,-0.02625,0.02385,0.0482408,394.5945
575688,575.657,10.23615,-3.1392,9.731521,-0.47088,22,0.0321,-0.0255,0.02415,0.04758027,394.5945
575774,575.741,10.37125,-2.98224,9.88848,-0.94176,22,0.03225,-0.02655,0.02385,0.04810184,395.0015
575824,575.793,10.43282,-3.1392,9.88848,-1.09872,22,0.0315,-0.02595,0.024,0.04734609,394.5179
575874,575.841,10.40445,-3.1392,9.88848,-0.7848001,22,0.0312,-0.02565,0.02325,0.04660392,395.4083
575954,575.922,10.43282,-3.1392,9.88848,-1.09872,22,0.03195,-0.02625,0.02415,0.04788619,395.3317
576004,575.973,10.41746,-3.1392,9.88848,-0.94176,22,0.0321,-0.02595,0.0234,0.04744863,395.0147
576055,576.021,10.40445,-3.1392,9.88848,-0.7848001,22,0.03105,-0.0261,0.0243,0.04728427,395.0913
576142,576.109,10.52101,-2.98224,10.04544,-0.94176,22,0.03195,-0.0264,0.02325,0.04752183,395.0913
576189,576.1569,10.28417,-3.1392,9.731521,-1.09872,22,0.03105,-0.0267,0.02415,0.04754172,395.5722
576266,576.233,10.41746,-3.1392,9.88848,-0.94176,22,0.0324,-0.0267,0.02355,0.04813785,395.8153
576319,576.285,10.2217,-2.98224,9.731521,-0.94176,22,0.03225,-0.02685,0.02415,0.04841702,395.0913
576370,576.337,10.48112,-3.29616,9.88848,-1.09872,22,0.03225,-0.0261,0.024,0.04792987,394.8508
576456,576.425,10.43282,-3.1392,9.88848,-1.09872,22,0.0321,-0.02625,0.02385,0.04783612,395.588
576504,576.473,10.53622,-2.98224,10.04544,-1.09872,22,0.0306,-0.0264,0.0243,0.04715729,395.4982
576590,576.557,10.55374,-3.1392,10.04544,-0.7848001,22,0.03225,-0.02625,0.02385,0.04793691,394.4598
576640,576.609,10.3272,-2.82528,9.88848,-0.94176,22,0.0324,-0.0255,0.0246,0.04801219,394.4598
576689,576.657,10.56657,-3.1392,10.04544,-0.94176,22,0.0321,-0.02655,0.02415,0.04815117,393.9763
576764,576.733,10.3272,-2.82528,9.88848,-0.94176,22,0.0315,-0.02655,0.02415,0.04775328,395.3476
576812,576.781,10.23736,-2.98224,9.731521,-1.09872,22,0.03165,-0.0264,0.02385,0.04761833,395.1045
576860,576.829,10.41746,-3.1392,9.88848,-0.94176,22,0.03195,-0.0261,0.024,0.04772853,395.3476
576944,576.913,10.56657,-3.1392,10.04544,-0.94176,22,0.03165,-0.02565,0.024,0.04728261,395.5114
576994,576.961,10.46583,-3.29616,9.88848,-0.94176,22,0.0321,-0.0261,0.02355,0.04760486,395.1811
577081,577.049,10.55374,-3.1392,10.04544,-0.7848001,22,0.0318,-0.027,0.0237,0.04797843,394.0661
577128,577.097,10.31766,-3.29616,9.731521,-0.94176,22,0.0324,-0.0261,0.02355,0.04780766,395.3608
577178,577.145,10.53622,-2.98224,10.04544,-1.09872,22,0.0315,-0.02655,0.0234,0.0473784,394.8799
577256,577.225,10.40445,-3.1392,9.88848,-0.7848001,22,0.0321,-0.02655,0.02445,0.04830233,394.9565
577306,577.273,10.58171,-3.1392,10.04544,-1.09872,22,0.0318,-0.02625,0.0237,0.04756041,395.3608
577356,577.325,10.48112,-3.29616,9.88848,-1.09872,22,0.0321,-0.02565,0.02475,0.04796764,395.3608
577440,577.409,10.38667,-2.98224,9.88848,-1.09872,22,0.03285,-0.0261,0.0243,0.04848528,395.5272
577490,577.457,10.35817,-2.98224,9.88848,-0.7848001,22,0.0324,-0.02595,0.02325,0.04757862,394.9565
577578,577.545,10.41746,-3.1392,9.88848,-0.94176,22,0.03225,-0.02655,0.024,0.04817639,394.6395
577629,577.597,10.25539,-3.1392,9.731521,-0.7848001,22,0.03225,-0.0264,0.0237,0.04794489,394.7874
577680,577.645,10.48112,-3.29616,9.88848,-1.09872,22,0.03225,-0.0264,0.02385,0.04801921,395.1204
577756,577.725,10.38667,-2.98224,9.88848,-1.09872,22,0.03255,-0.0264,0.02385,0.04822121,395.1204
577805,577.773,10.43282,-3.1392,9.88848,-1.09872,22,0.0327,-0.02625,0.02355,0.04809319,395.5272
577853,577.821,10.56657,-3.1392,10.04544,-0.94176,22,0.03255,-0.02655,0.02325,0.04801008,394.7134
577941,577.909,10.43282,-3.1392,9.88848,-1.09872,22,0.0324,-0.0267,0.024,0.04835959,395.3608
577989,577.957,10.41746,-3.1392,9.88848,-0.94176,22,0.033,-0.0258,0.02295,0.0477634,395.7677
578182,578.149,10.36887,-3.45312,9.731521,-0.94176,22,0.03345,-0.0255,0.02325,0.04805949,395.1204
578236,578.201,10.42219,-3.61008,9.731521,-0.94176,22,0.03285,-0.02565,0.02355,0.04787116,395.197
578285,578.253,10.53505,-3.924,9.731521,-0.94176,22,0.033,-0.0249,0.0237,0.04765186,395.6779
578360,578.3289,10.36887,-3.45312,9.731521,-0.94176,22,0.03465,-0.0249,0.02385,0.04888205,395.197
578408,578.377,10.45288,-3.29616,9.88848,-0.7848001,22,0.03345,-0.02535,0.0237,0.04819974,394.3964
578456,578.425,10.5689,-3.61008,9.88848,-0.94176,22,0.03405,-0.0255,0.024,0.04884314,395.3608
578540,578.5089,10.46583,-3.29616,9.88848,-0.94176,22,0.03375,-0.0252,0.0231,0.04803866,394.9565
578590,578.557,10.50343,-3.45312,9.88848,-0.7848001,22,0.0339,-0.0246,0.02295,0.04776058,395.0305
578676,578.645,10.5689,-3.61008,9.88848,-0.94176,22,0.0339,-0.0249,0.02385,0.04835331,394.9565
578724,578.693,10.36887,-3.45312,9.731521,-0.94176,22,0.0339,-0.0249,0.0237,0.0482795,394.5496
578773,578.741,10.26259,-3.61008,9.57456,-0.7848001,22,0.0336,-0.0252,0.02385,0.0482993,395.271
578848,578.817,10.43755,-3.61008,9.731521,-1.09872,22,0.0327,-0.0252,0.02385,0.04767759,395.3608
578896,578.865,10.31766,-3.29616,9.731521,-0.94176,22,0.03255,-0.02625,0.02415,0.04828858,394.6395
578945,578.914,10.27219,-2.66832,9.88848,-0.7848001,22,0.0321,-0.027,0.0234,0.04803092,394.6395
579033,579.0009,10.58171,-3.1392,10.04544,-1.09872,22,0.03195,-0.02625,0.02355,0.04758642,394.5496
579081,579.049,10.45288,-3.29616,9.88848,-0.7848001,22,0.0324,-0.02565,0.02355,0.04756348,393.8256
579168,579.137,10.48112,-3.29616,9.88848,-1.09872,22,0.0327,-0.0255,0.0234,0.04761407,394.473
579218,579.185,10.53154,-3.45312,9.88848,-1.09872,22,0.0333,-0.0246,0.024,0.04785447,393.9895
579268,579.237,10.42219,-3.61008,9.731521,-0.94176,22,0.0339,-0.0255,0.0243,0.04888711,395.4374
579345,579.313,10.45288,-3.29616,9.88848,-0.7848001,22,0.03375,-0.0255,0.02385,0.04856063,394.3065
579393,579.361,10.58404,-3.61008,9.88848,-1.09872,22,0.0339,-0.0249,0.02325,0.0480602,394.5496
579440,579.409,10.46583,-3.29616,9.88848,-0.94176,22,0.03315,-0.02535,0.0237,0.04799203,394.8799
579525,579.493,10.43755,-3.61008,9.731521,-1.09872,22,0.0342,-0.0249,0.0231,0.04820021,394.7002
579572,579.541,13.72032,-5.33664,11.45808,5.33664,22,0.03465,-0.02475,0.02385,0.04880581,394.7874
579658,579.625,12.06552,-2.82528,11.45808,2.51136,22,0.03525,-0.02385,0.02325,0.04849689,394.6236
579710,579.677,10.54907,-4.7088,6.90624,6.43536,22,0.03465,-0.02265,0.0198,0.04588775,394.0529
579760,579.729,11.43225,-7.0632,8.161921,3.76704,22,0.0342,-0.02055,0.0123,0.04175204,394.2907
579837,579.805,18.05722,-5.80752,12.39984,11.772,22,0.03405,-0.012,0.00135,0.0361279,395.4506
579886,579.853,18.22359,-4.7088,13.49856,11.30112,22,0.03525,-0.0051,-0.00195,0.03567037,395.1494
579933,579.901,11.56509,-4.86576,8.161921,6.59232,22,0.0339,-0.0012,-0.0039,0.03414469,395.633
580020,579.985,8.997519,-2.98224,7.0632,4.7088,22,0.0348,0.006,-0.0069,0.03598125,397.036
580068,580.037,8.730702,-2.82528,5.17968,6.43536,22,0.03405,0.00765,-0.00645,0.03548982,396.0557
580152,580.1209,8.84564,-2.19744,4.08096,7.53408,22,0.0297,0.012,-0.0114,0.03400074,395.9791
580202,580.169,8.54099,-3.45312,2.98224,7.22016,22,0.02505,0.0153,-0.01425,0.03262905,395.2551
580252,580.221,11.48385,-4.23792,5.02272,9.417601,22,0.024,0.0174,-0.0144,0.03295634,397.036
580328,580.297,9.789575,-3.924,4.86576,7.53408,22,0.0237,0.018,-0.01515,0.03339479,396.3886
580376,580.345,6.90624,-1.25568,3.76704,5.65056,22,0.0237,0.0174,-0.0141,0.03260767,395.9051
580424,580.393,10.11022,-3.61008,2.51136,9.103681,22,0.02295,0.01725,-0.015,0.03239236,395.6647
580510,580.477,9.446332,-2.82528,5.17968,7.37712,22,0.0219,0.0189,-0.015,0.03258558,396.8854
580560,580.529,11.75944,-5.80752,3.1392,9.731521,22,0.0216,0.0186,-0.01545,0.03242256,396.4045
580644,580.6129,5.670146,-3.1392,1.72656,4.39488,22,0.02325,0.01665,-0.01485,0.03222278,397.2024
580693,580.661,7.254201,0.62784,-0.31392,7.22016,22,0.0219,0.0165,-0.01575,0.03162155,397.2923
580740,580.709,10.63744,-1.5696,0.31392,10.51632,22,0.0189,0.0141,-0.01605,0.02852407,397.8657
580936,580.905,11.16294,-2.04048,3.1392,10.51632,22,0.009,0.01815,-0.01995,0.02843282,399.1921
580986,580.953,10.6189,-2.51136,2.3544,10.04544,22,0.00885,0.0168,-0.02025,0.02776013,397.8974
581036,581.005,10.67559,1.72656,5.02272,9.260641,22,0.00855,0.01695,-0.01935,0.0271077,398.7112
581120,581.089,10.27938,-3.29616,0.31392,9.731521,22,0.0042,0.01965,-0.0198,0.02820997,398.0612
581169,581.137,10.73886,-1.88352,3.29616,10.04544,22,0.0048,0.0237,-0.0192,0.03087669,398.9516
581232,581.201,11.32072,0.62784,4.86576,10.2024,22,0.0078,0.02805,-0.0186,0.03454855,398.2303
581293,581.261,10.60497,0.62784,2.82528,10.2024,22,0.0045,0.03015,-0.0177,0.03525,398.801
581340,581.309,10.31885,0.15696,2.3544,10.04544,22,0.0027,0.0306,-0.0177,0.03545335,398.8776
581424,581.393,9.834769,-0.15696,1.41264,9.731521,22,-0.00015,0.0294,-0.01845,0.03471001,399.3163
581474,581.441,9.783281,-0.7848001,0.62784,9.731521,22,-0.0015,0.02775,-0.0189,0.03360837,398.8195
581524,581.4929,8.678342,-0.62784,0.62784,8.632801,22,-0.00345,0.0258,-0.01905,0.03225593,399.0573
581601,581.569,8.981076,0.62784,0.47088,8.946721,22,-0.0072,0.0222,-0.01995,0.03070313,398.7429
581650,581.617,9.708709,-0.15696,2.3544,9.417601,22,-0.009,0.0204,-0.02025,0.03012013,398.5025
581697,581.6649,9.823491,0.94176,3.1392,9.260641,22,-0.01035,0.01845,-0.0198,0.02897525,398.5949
581782,581.749,8.324801,1.25568,4.7088,6.74928,22,-0.01515,0.01515,-0.01905,0.02866963,398.9596
581834,581.801,10.71935,0.94176,4.39488,9.731521,22,-0.01785,0.015,-0.018,0.02945543,399.9557
581923,581.889,11.18498,2.98224,2.98224,10.35936,22,-0.0186,0.0153,-0.0177,0.02988879,399.7153
581973,581.941,11.70694,3.29616,2.98224,10.83024,22,-0.0183,0.0177,-0.0177,0.03100758,399.7153
582020,581.989,11.18278,1.88352,3.76704,10.35936,22,-0.0201,0.0183,-0.0165,0.03179859,401.586
582096,582.065,10.43637,0.62784,5.33664,8.946721,22,-0.0213,0.0192,-0.0165,0.03308444,400.064
582144,582.113,10.18911,0.47088,3.45312,9.57456,22,-0.0195,0.0177,-0.0168,0.03123748,399.8051
582192,582.161,9.435895,2.04048,1.41264,9.103681,22,-0.0183,0.0156,-0.0171,0.02950695,400.1222
582277,582.245,10.02212,3.1392,2.19744,9.260641,22,-0.0171,0.0129,-0.0174,0.02759674,400.2886
582324,582.293,9.894708,1.09872,4.7088,8.632801,22,-0.01905,0.01245,-0.0171,0.02846603,400.5449
582408,582.377,11.30439,0.15696,4.86576,10.2024,22,-0.02115,0.0126,-0.01725,0.03006069,399.9161
