Time (milliseconds),time,accelleration,x_accelleration,y_accelleration,z_accelleration,altitude
425932,425.904,10.30332,7.53408,6.43536,-2.82528,416.9587
425968,425.94,10.29734,7.53408,6.2784,-3.1392,417.3656
426005,425.976,10.25058,7.53408,6.2784,-2.98224,416.9587
426076,426.048,9.728989,6.90624,6.43536,-2.3544,416.9587
426112,426.084,10.67559,7.0632,7.0632,-3.76704,416.7923
426148,426.12,10.47171,7.691041,6.12144,-3.61008,417.4396
426185,426.156,12.76983,9.88848,7.0632,-3.924,417.4396
426221,426.192,10.29136,8.31888,4.86576,-3.61008,416.5492
426292,426.264,10.56307,7.53408,6.90624,-2.66832,417.4396
426328,426.3,8.723644,6.2784,5.17968,-3.1392,417.2732
426364,426.336,10.31885,7.691041,6.12144,-3.1392,416.7923
426401,426.372,10.41273,7.37712,6.90624,-2.51136,416.8636
426472,426.444,10.37718,7.691041,6.43536,-2.66832,417.0327
426508,426.48,9.999966,7.37712,6.43536,-2.04048,417.3471
426545,426.516,10.32124,7.53408,6.59232,-2.51136,415.9732
426581,426.552,10.24698,7.22016,6.12144,-3.924,417.2732
426617,426.588,10.16854,7.22016,6.43536,-3.1392,416.4567
426688,426.66,10.3653,7.691041,6.59232,-2.19744,417.4212
426725,426.696,10.13578,7.37712,6.2784,-2.98224,417.1807
426761,426.732,10.32959,7.37712,6.43536,-3.29616,417.2732
426796,426.768,9.910877,7.0632,6.12144,-3.29616,417.3471
426868,426.84,10.09071,7.37712,6.2784,-2.82528,416.4567
426905,426.876,10.29734,7.53408,6.2784,-3.1392,416.9376
426940,426.912,10.89827,8.789761,5.33664,-3.61008,417.4212
426977,426.948,9.442419,7.0632,5.80752,-2.3544,417.4212
427014,426.984,10.41865,7.22016,6.74928,-3.29616,417.0116
427089,427.06,10.06994,7.22016,6.2784,-3.1392,417.1807
427124,427.096,9.938184,7.37712,4.7088,-4.7088,418.0711
427160,427.132,10.37956,7.691041,6.90624,-0.94176,417.252
427196,427.168,11.66267,8.475841,6.59232,-4.55184,416.7711
427269,427.24,10.60497,7.691041,6.59232,-3.1392,417.3471
427305,427.276,10.96251,7.691041,7.22016,-2.98224,417.1807
427340,427.312,10.84956,7.691041,6.90624,-3.29616,418.3116
427376,427.348,10.13578,7.37712,6.2784,-2.98224,416.1211
427412,427.384,10.41865,7.691041,6.12144,-3.45312,417.4951
427485,427.456,10.30332,7.53408,6.43536,-2.82528,416.1211
427521,427.492,10.20844,7.0632,6.59232,-3.29616,417.2732
427556,427.528,10.28896,7.37712,6.59232,-2.82528,416.602
427592,427.564,10.18911,7.37712,6.43536,-2.82528,416.602
427665,427.636,10.23374,7.37712,6.43536,-2.98224,416.6972
427701,427.672,10.59102,7.53408,6.74928,-3.1392,417.4212
427737,427.708,10.18306,7.37712,6.2784,-3.1392,416.9376
427772,427.744,10.09071,7.37712,6.2784,-2.82528,415.8807
427808,427.78,10.16369,7.53408,6.2784,-2.66832,416.9376
427881,427.852,11.52775,8.161921,7.691041,-2.66832,416.7711
427916,427.888,11.09542,8.161921,6.59232,-3.61008,416.602
427953,427.924,9.481476,5.96448,6.59232,-3.29616,417.0856
427988,427.96,11.83982,8.789761,7.0632,-3.61008,416.6972
428061,428.032,10.53972,7.53408,6.59232,-3.29616,417.5691
428096,428.068,10.81772,7.0632,7.848001,-2.3544,416.602
428132,428.104,10.16975,8.00496,5.33664,-3.29616,417.252
428168,428.14,10.50225,7.53408,5.96448,-4.23792,416.602
428205,428.176,10.09437,7.53408,5.33664,-4.08096,416.6972
428277,428.248,10.41273,7.37712,6.90624,-2.51136,416.9376
428312,428.284,10.66173,7.37712,7.22016,-2.66832,417.1807
428348,428.32,9.548795,7.22016,5.65056,-2.66832,417.252
428385,428.356,10.33317,7.37712,6.59232,-2.98224,416.9904
428459,428.428,10.2024,7.53408,6.12144,-3.1392,417.0856
428496,428.468,10.23374,7.37712,6.43536,-2.98224,416.7711
428532,428.504,10.02211,7.22016,6.2784,-2.98224,416.1211
428569,428.54,10.28896,7.37712,6.59232,-2.82528,416.6787
428641,428.612,10.25058,7.53408,6.2784,-2.98224,417.4951
428676,428.648,10.49169,7.53408,6.59232,-3.1392,416.602
428712,428.684,10.51632,7.691041,6.59232,-2.82528,417.0856
428748,428.72,8.158901,5.96448,5.17968,-2.04048,416.9904
428784,428.756,10.45995,8.475841,5.96448,-1.41264,417.1807
428856,428.828,9.964179,7.0632,6.43536,-2.82528,416.602
428893,428.864,10.26019,7.0632,6.59232,-3.45312,416.3616
428928,428.9,9.544923,7.37712,5.17968,-3.1392,416.3616
428965,428.936,11.61292,8.31888,6.90624,-4.23792,417.8069
429145,429.116,10.2217,7.22016,6.59232,-2.98224,416.9376
429182,429.152,10.4517,7.37712,6.90624,-2.66832,416.4567
429220,429.192,10.37718,7.691041,6.43536,-2.66832,416.2902
429256,429.228,10.89827,7.691041,6.90624,-3.45312,416.7711
429293,429.264,10.11997,7.22016,6.2784,-3.29616,415.5451
429365,429.336,10.13578,7.37712,6.2784,-2.98224,417.252
429400,429.372,10.32243,7.691041,6.2784,-2.82528,417.0856
429436,429.408,10.1552,7.53408,6.12144,-2.98224,417.1067
429473,429.444,10.29734,7.53408,6.2784,-3.1392,416.8451
429546,429.516,10.25058,7.53408,6.2784,-2.98224,416.8451
429584,429.556,11.25962,7.691041,7.53408,-3.29616,416.4567
429620,429.592,9.334832,7.53408,5.17968,-1.88352,416.602
429657,429.628,12.13576,9.57456,6.43536,-3.76704,417.4212
429693,429.664,10.84047,7.37712,6.90624,-3.924,416.9376
429764,429.736,9.512605,7.53408,5.4936,-1.88352,417.0856
429800,429.772,10.68827,6.74928,7.53408,-3.45312,417.0856
429837,429.808,9.579705,7.0632,5.96448,-2.51136,416.1951
429872,429.844,10.13456,7.691041,5.96448,-2.82528,416.602
429944,429.916,10.68251,7.848001,6.90624,-2.19744,416.7711
429980,429.952,10.37956,7.22016,6.43536,-3.76704,416.602
430019,429.988,10.4281,7.0632,6.59232,-3.924,416.8451
430056,430.028,10.109,7.53408,5.96448,-3.1392,415.9547
430093,430.064,10.17217,7.848001,5.96448,-2.51136,416.4356
430165,430.136,10.11144,7.0632,6.59232,-2.98224,415.5451
430200,430.172,10.16854,7.22016,6.43536,-3.1392,415.9547
430237,430.208,10.23254,7.37712,6.2784,-3.29616,415.9547
430273,430.244,10.13456,7.691041,5.96448,-2.82528,416.9191
430345,430.316,10.24096,7.691041,6.2784,-2.51136,416.3616
430380,430.352,9.810942,7.0632,6.12144,-2.98224,416.4356
430417,430.388,9.046672,7.53408,4.23792,-2.66832,416.602
430453,430.424,11.36742,7.848001,7.53408,-3.29616,415.7882
430488,430.46,9.813453,7.37712,5.96448,-2.51136,417.2336
430560,430.532,11.32943,8.00496,7.37712,-3.1392,416.1951
430597,430.568,9.467174,7.0632,5.96448,-2.04048,417.0116
430633,430.604,11.42039,8.00496,7.37712,-3.45312,416.602
430668,430.64,10.37006,7.22016,6.74928,-3.1392,417.252
430740,430.712,10.00859,7.691041,6.12144,-1.88352,416.602
430777,430.748,10.74116,7.37712,6.74928,-3.924,416.8451
430812,430.784,10.75377,6.74928,7.22016,-4.23792,416.6787
430848,430.82,10.03317,7.22016,6.43536,-2.66832,417.326
430884,430.856,10.2217,7.22016,6.59232,-2.98224,416.4356
430956,430.928,10.05034,7.53408,6.2784,-2.19744,416.9376
430993,430.964,10.31885,7.0632,6.90624,-2.98224,416.7526
431028,431.0,10.37006,7.22016,6.74928,-3.1392,416.5095
431064,431.036,10.10779,7.0632,6.43536,-3.29616,416.9191
431137,431.108,10.13456,7.691041,5.96448,-2.82528,416.6787
431173,431.144,10.13578,7.37712,6.2784,-2.98224,417.7356
431209,431.18,11.10873,7.0632,7.848001,-3.45312,417.1596
431244,431.216,9.910877,7.0632,6.12144,-3.29616,417.7356
431280,431.252,11.46668,6.59232,8.946721,-2.82528,416.9191
431353,431.324,9.26596,6.2784,6.59232,-1.72656,417.0856
431388,431.36,9.329553,6.2784,6.59232,-2.04048,416.7526
431424,431.396,9.909635,6.90624,6.12144,-3.61008,416.3616
431463,431.432,9.908392,7.0632,6.59232,-2.19744,416.4356
431537,431.508,9.982706,7.0632,5.96448,-3.76704,416.602
431572,431.544,9.76816,6.90624,6.43536,-2.51136,416.2902
431608,431.58,10.39853,7.848001,6.2784,-2.66832,416.4356
431644,431.616,9.622046,7.0632,5.96448,-2.66832,417.0856
431681,431.652,10.45523,7.848001,6.43536,-2.51136,416.8451
431753,431.724,10.33317,7.37712,6.59232,-2.98224,416.8451
431788,431.76,10.23374,7.37712,6.43536,-2.98224,417.0116
431824,431.796,10.37956,7.37712,6.59232,-3.1392,416.8451
431860,431.832,10.20602,7.53408,6.2784,-2.82528,416.6787
431933,431.904,10.06994,7.22016,6.2784,-3.1392,416.2691
431968,431.94,10.13578,7.37712,6.2784,-2.98224,416.1211
432004,431.976,10.40208,7.53408,6.59232,-2.82528,416.602
432041,432.012,9.859787,7.37712,5.65056,-3.29616,417.5691
432077,432.048,11.38149,8.161921,7.0632,-3.61008,416.1951
432148,432.12,8.158901,6.43536,4.7088,-1.72656,416.602
432184,432.156,8.588452,6.74928,4.39488,-2.98224,416.5095
432221,432.192,10.92198,7.37712,6.74928,-4.39488,416.4356
432257,432.228,10.66173,7.37712,7.22016,-2.66832,416.9191
432449,432.42,10.13456,7.691041,5.96448,-2.82528,417.4212
432485,432.456,10.33317,8.00496,5.96448,-2.66832,417.0856
432520,432.492,9.851037,7.37712,5.80752,-2.98224,416.8451
432556,432.528,10.34151,7.22016,6.90624,-2.66832,416.602
432629,432.6,10.22772,7.691041,6.12144,-2.82528,416.8451
432665,432.636,10.06137,7.53408,5.96448,-2.98224,417.252
432700,432.672,10.39023,7.848001,6.12144,-2.98224,417.0856
432736,432.708,10.4458,7.53408,6.59232,-2.98224,416.6787
432772,432.744,9.909635,7.0632,6.2784,-2.98224,416.6787
432844,432.816,10.8813,8.00496,6.59232,-3.29616,416.602
432880,432.852,11.22785,8.00496,7.22016,-3.1392,416.9376
432916,432.888,10.75262,7.53408,6.59232,-3.924,416.4356
432952,432.924,9.808431,6.59232,7.22016,-0.7848001,416.6787
433028,432.996,9.400581,6.43536,6.43536,-2.3544,416.9904
433064,433.036,10.11997,7.0632,6.90624,-2.19744,416.6787
433100,433.072,11.34572,7.848001,7.848001,-2.3544,416.7711
433136,433.108,9.950571,7.37712,5.80752,-3.29616,416.602
433172,433.144,10.77093,7.53408,7.22016,-2.66832,416.6787
433244,433.216,9.950571,7.0632,5.80752,-3.924,416.7711
433280,433.252,10.28058,7.691041,6.2784,-2.66832,416.6787
433316,433.288,10.20602,7.53408,6.2784,-2.82528,417.1807
433353,433.324,10.39379,7.53408,6.43536,-3.1392,416.6787
433424,433.396,10.68827,7.53408,6.74928,-3.45312,416.9376
433460,433.432,10.75377,7.691041,6.59232,-3.61008,417.1596
433496,433.468,10.39023,7.37712,6.74928,-2.82528,416.5095
433533,433.504,9.976534,7.22016,6.2784,-2.82528,416.6787
433569,433.54,10.00736,7.37712,6.2784,-2.51136,416.602
433640,433.612,9.928263,7.22016,5.96448,-3.29616,417.0856
433676,433.648,9.168399,7.53408,4.39488,-2.82528,417.326
433713,433.684,10.41865,7.691041,6.12144,-3.45312,416.9191
433749,433.72,10.13456,7.691041,5.96448,-2.82528,416.0286
433820,433.792,10.74116,7.37712,6.74928,-3.924,416.5095
433856,433.828,10.63976,7.0632,7.691041,-2.04048,416.8451
433893,433.864,10.31885,7.53408,6.74928,-2.04048,416.7711
433928,433.9,10.10779,7.691041,6.12144,-2.3544,416.0286
433965,433.936,10.26979,7.22016,6.43536,-3.45312,416.6787
434037,434.008,10.09071,7.37712,6.2784,-2.82528,417.0856
434072,434.044,10.43637,7.848001,6.12144,-3.1392,416.5095
434109,434.08,10.31885,7.691041,6.12144,-3.1392,416.602
434146,434.116,10.26859,7.22016,6.59232,-3.1392,416.2691
434220,434.192,10.13456,7.22016,6.59232,-2.66832,417.4
434257,434.228,10.09437,7.22016,6.59232,-2.51136,416.7526
434293,434.264,10.31885,7.691041,6.12144,-3.1392,416.8451
434329,434.3,10.28058,7.37712,6.43536,-3.1392,416.602
434364,434.336,9.859787,7.0632,6.12144,-3.1392,416.7526
434437,434.408,9.709977,7.37712,5.17968,-3.61008,416.8451
434474,434.444,9.392715,7.0632,5.33664,-3.1392,416.7711
434513,434.484,8.404325,6.12144,5.4936,-1.72656,416.9191
434549,434.52,8.891477,6.59232,5.33664,-2.66832,417.0671
434621,434.592,9.950571,7.37712,5.80752,-3.29616,416.8451
434658,434.628,9.999966,7.37712,6.43536,-2.04048,416.1211
434697,434.668,10.61194,8.00496,6.43536,-2.66832,416.8451
434732,434.704,10.07483,7.848001,5.65056,-2.82528,416.8451
434768,434.74,10.12118,7.22016,6.43536,-2.98224,417.1596
434841,434.812,10.21447,7.0632,6.74928,-2.98224,416.3616
434878,434.848,9.838526,7.53408,5.80752,-2.51136,416.8451
434917,434.888,10.00982,7.0632,6.43536,-2.98224,416.7526
434952,434.924,10.55607,7.691041,6.43536,-3.29616,416.4356
435025,434.996,10.25058,7.53408,6.2784,-2.98224,416.2691
435061,435.032,10.06749,7.53408,6.12144,-2.66832,417.1596
435096,435.068,10.02211,7.22016,6.2784,-2.98224,416.4356
435132,435.104,10.26859,7.22016,6.59232,-3.1392,416.1951
435168,435.14,10.2217,7.22016,6.59232,-2.98224,416.2691
435242,435.212,9.507424,6.90624,5.96448,-2.66832,417.252
435281,435.252,9.953047,7.691041,5.65056,-2.82528,415.7882
435316,435.288,9.201926,7.0632,5.33664,-2.51136,416.9904
435353,435.324,10.49639,8.161921,5.96448,-2.82528,416.8451
435425,435.396,10.33317,7.37712,6.59232,-2.98224,416.5095
435460,435.432,10.21809,7.22016,6.43536,-3.29616,416.6787
435496,435.468,10.4281,7.37712,6.59232,-3.29616,416.1211
435532,435.504,10.27219,7.37712,6.74928,-2.3544,416.8451
435712,435.684,10.47877,7.37712,6.59232,-3.45312,416.2691
435749,435.72,10.13456,7.691041,5.96448,-2.82528,417.0856
435785,435.756,9.898441,7.37712,5.96448,-2.82528,417.0856
435820,435.792,9.552664,6.90624,5.96448,-2.82528,416.602
435856,435.828,9.847286,6.90624,6.2784,-3.1392,416.2691
435929,435.9,10.11022,7.53408,6.12144,-2.82528,416.8451
435965,435.936,10.22772,7.691041,6.12144,-2.82528,416.7526
435999,435.972,10.23374,7.37712,6.43536,-2.98224,416.6787
436039,436.008,10.32363,7.22016,6.74928,-2.98224,416.6787
436113,436.084,10.23374,7.37712,6.43536,-2.98224,416.824
436149,436.12,10.18306,7.37712,6.2784,-3.1392,417.0856
436183,436.156,10.2217,7.22016,6.59232,-2.98224,416.8451
436220,436.192,9.976534,7.22016,6.2784,-2.82528,416.9904
436256,436.228,10.03931,7.37712,6.12144,-2.98224,416.7526
436328,436.3,10.30332,7.53408,6.43536,-2.82528,416.602
436364,436.336,10.33317,7.37712,6.59232,-2.98224,417.4
436400,436.372,10.25058,7.53408,6.2784,-2.98224,417.0116
436436,436.408,10.02211,7.22016,6.2784,-2.98224,416.5095
436509,436.48,10.39379,7.53408,6.43536,-3.1392,416.9191
436545,436.516,10.4458,7.53408,6.59232,-2.98224,416.4356
436580,436.552,10.29734,7.53408,6.2784,-3.1392,416.2691
436616,436.588,10.34746,7.53408,6.43536,-2.98224,416.0286
436653,436.624,10.02211,7.22016,6.2784,-2.98224,416.0286
436724,436.696,11.4527,7.848001,7.848001,-2.82528,416.602
436760,436.732,9.0153,6.74928,5.17968,-2.98224,416.1951
436796,436.768,9.872273,6.90624,6.59232,-2.51136,416.2691
436833,436.804,9.345384,6.2784,5.80752,-3.76704,416.9191
436904,436.876,11.37175,8.475841,6.74928,-3.45312,416.7526
436940,436.912,10.75033,7.691041,6.74928,-3.29616,416.2691
436976,436.948,10.48347,7.848001,6.2784,-2.98224,415.7882
437013,436.984,9.877262,7.22016,5.96448,-3.1392,416.2691
437049,437.02,8.768713,5.65056,6.2784,-2.3544,416.7526
437120,437.092,9.142837,6.74928,5.96448,-1.5696,416.4356
437156,437.128,10.51632,7.691041,6.59232,-2.82528,416.4356
437193,437.164,10.67097,7.691041,7.0632,-2.19744,416.7526
437228,437.2,10.84388,7.691041,7.22016,-2.51136,416.9191
437300,437.272,9.482775,7.0632,5.4936,-3.1392,416.5095
437337,437.308,10.25178,7.53408,6.12144,-3.29616,416.4356
437372,437.344,10.24698,7.37712,6.59232,-2.66832,417.5691
437409,437.38,9.502239,7.22016,5.4936,-2.82528,416.9191
437446,437.416,10.25058,7.53408,6.2784,-2.98224,416.7526
437521,437.492,10.00982,7.0632,6.43536,-2.98224,417.2336
437556,437.528,10.1552,7.53408,6.12144,-2.98224,416.9191
437593,437.564,9.993805,7.37712,6.12144,-2.82528,417.1596
437628,437.6,10.03931,7.37712,6.12144,-2.98224,416.1951
437700,437.672,10.09071,7.37712,6.2784,-2.82528,416.9191
437737,437.708,10.03931,7.37712,6.12144,-2.98224,416.2691
437773,437.744,10.33317,7.37712,6.59232,-2.98224,416.602
437808,437.78,10.26139,7.53408,6.43536,-2.66832,416.6787
437844,437.816,9.924541,7.22016,6.12144,-2.98224,417.0856
437916,437.888,10.34627,7.53408,6.2784,-3.29616,417.1596
437953,437.924,10.13578,7.37712,6.2784,-2.98224,416.5095
437988,437.96,10.12118,7.22016,6.43536,-2.98224,416.4356
438024,437.996,9.976534,7.22016,6.2784,-2.82528,416.2691
438096,438.068,10.16854,7.22016,6.43536,-3.1392,417.0856
438132,438.104,10.02211,7.22016,6.2784,-2.98224,415.7882
438169,438.14,10.34746,7.53408,6.43536,-2.98224,415.9547
438204,438.176,10.20602,7.53408,6.2784,-2.82528,416.0286
438240,438.212,10.39379,7.53408,6.43536,-3.1392,416.9191
438313,438.284,9.924541,7.22016,6.12144,-2.98224,416.7526
438349,438.32,10.18306,7.37712,6.2784,-3.1392,416.5835
438384,438.356,10.26859,7.22016,6.59232,-3.1392,416.0286
438421,438.392,9.950571,7.37712,5.80752,-3.29616,416.2691
438493,438.464,8.611369,7.37712,3.76704,-2.3544,417.4
438529,438.5,10.41391,8.00496,5.4936,-3.76704,417.252
438564,438.536,9.804663,6.74928,6.59232,-2.66832,416.5835
438600,438.572,10.7446,7.37712,7.22016,-2.98224,416.5095
438636,438.608,10.26499,7.22016,6.90624,-2.3544,416.7526
438709,438.68,10.41391,7.0632,6.90624,-3.29616,416.2691
438744,438.716,9.717587,7.22016,6.12144,-2.19744,416.9191
438780,438.752,10.16369,7.848001,5.80752,-2.82528,416.1026
438816,438.788,10.1552,7.53408,6.12144,-2.98224,416.7526
439009,438.98,10.26139,7.53408,6.43536,-2.66832,416.7711
439047,439.016,10.4458,7.53408,6.59232,-2.98224,416.2691
439085,439.056,10.39379,7.53408,6.43536,-3.1392,416.3616
439120,439.092,10.36649,7.691041,6.2784,-2.98224,416.8451
439156,439.128,10.13578,7.37712,6.2784,-2.98224,417.2336
439231,439.2,10.37956,7.37712,6.59232,-3.1392,416.602
439270,439.24,10.55957,7.691041,6.59232,-2.98224,417.0116
439309,439.28,10.13578,7.37712,6.2784,-2.98224,416.5095
439344,439.316,10.08705,7.37712,6.12144,-3.1392,416.7526
439417,439.388,10.23374,7.37712,6.43536,-2.98224,416.7526
439453,439.424,10.18306,7.37712,6.2784,-3.1392,416.7526
439488,439.46,9.976534,7.22016,6.2784,-2.82528,416.1026
439524,439.496,10.07605,7.22016,6.43536,-2.82528,416.3431
439560,439.532,10.23374,7.37712,6.43536,-2.98224,416.5835
439633,439.604,10.07605,7.22016,6.43536,-2.82528,416.9191
439668,439.64,10.23374,7.37712,6.43536,-2.98224,416.4356
439704,439.676,10.34746,7.53408,6.43536,-2.98224,417.1596
439740,439.712,10.51632,7.691041,6.59232,-2.82528,416.9191
439812,439.784,10.13578,7.37712,6.2784,-2.98224,416.5095
439848,439.82,10.12118,7.22016,6.43536,-2.98224,416.0286
439884,439.856,10.18911,7.37712,6.43536,-2.82528,417.0671
439920,439.892,10.23374,7.37712,6.43536,-2.98224,417.2336
439956,439.928,10.18911,7.37712,6.43536,-2.82528,417.2336
440028,440.0,10.29734,7.53408,6.2784,-3.1392,416.9191
440064,440.036,9.734052,7.22016,5.80752,-2.98224,417.326
440100,440.072,10.30213,7.22016,6.90624,-2.51136,417.0856
440136,440.108,10.7044,8.00496,6.12144,-3.61008,416.6787
440209,440.18,10.20602,7.53408,6.2784,-2.82528,416.3431
440244,440.216,9.810942,7.0632,6.12144,-2.98224,416.5095
440280,440.252,9.87851,7.22016,6.12144,-2.82528,417.4
440316,440.288,9.993805,7.37712,6.12144,-2.82528,416.9904
440353,440.324,10.26859,7.22016,6.59232,-3.1392,416.7526
440424,440.396,9.992573,7.22016,6.43536,-2.51136,416.7526
440460,440.432,10.16854,7.22016,6.43536,-3.1392,416.9191
440500,440.468,10.3653,7.0632,6.90624,-3.1392,416.4356
440537,440.508,10.03317,7.22016,6.43536,-2.66832,416.9191
440608,440.58,10.34746,7.53408,6.43536,-2.98224,416.9191
440644,440.616,10.1552,7.53408,6.12144,-2.98224,417.0856
440681,440.652,10.49287,7.37712,6.90624,-2.82528,416.9191
440717,440.688,10.4281,7.37712,6.59232,-3.29616,416.2691
440753,440.724,10.13699,7.37712,6.12144,-3.29616,416.1211
440824,440.796,10.26139,7.53408,6.43536,-2.66832,415.7882
440861,440.832,10.09071,7.37712,6.2784,-2.82528,416.6787
440897,440.868,10.03931,7.37712,6.12144,-2.98224,416.7526
440933,440.904,10.03931,7.37712,6.12144,-2.98224,415.7882
441004,440.976,10.2217,7.22016,6.59232,-2.98224,417.0856
441041,441.012,10.434,7.37712,6.74928,-2.98224,416.602
441077,441.048,10.02211,7.22016,6.2784,-2.98224,416.2691
441113,441.084,10.18306,7.37712,6.2784,-3.1392,416.2691
441148,441.12,10.16854,7.22016,6.43536,-3.1392,416.1026
441221,441.192,10.32243,7.691041,6.2784,-2.82528,417.5691
441257,441.228,10.25058,7.53408,6.2784,-2.98224,417.2336
441293,441.264,10.37956,7.37712,6.59232,-3.1392,416.6787
441328,441.3,10.18911,7.37712,6.43536,-2.82528,416.0286
441401,441.372,10.18306,7.37712,6.2784,-3.1392,417.0856
441437,441.408,10.28058,7.37712,6.43536,-3.1392,416.602
441472,441.444,10.34746,7.53408,6.43536,-2.98224,416.9904
441508,441.48,10.28058,7.37712,6.43536,-3.1392,417.2336
441544,441.516,9.976534,7.22016,6.2784,-2.82528,416.5835
441616,441.588,10.7113,7.53408,7.37712,-1.88352,417.4
441653,441.624,10.13578,7.37712,6.2784,-2.98224,416.8451
441688,441.66,10.67905,7.848001,6.2784,-3.61008,417.1596
441724,441.696,10.07605,7.22016,6.12144,-3.45312,416.0286
441797,441.768,10.28896,7.37712,6.59232,-2.82528,417.1596
441833,441.804,10.41273,7.691041,6.2784,-3.1392,416.9904
441870,441.84,9.898441,7.37712,5.96448,-2.82528,416.9191
441907,441.876,10.11022,7.53408,6.12144,-2.82528,416.1211
441945,441.916,10.46936,8.161921,4.86576,-4.39488,416.5095
442017,441.988,10.67559,7.691041,6.90624,-2.66832,417.1596
442052,442.024,10.22652,7.691041,5.96448,-3.1392,416.7526
442088,442.06,11.05538,7.53408,7.691041,-2.51136,417.326
442125,442.096,10.78807,7.53408,6.90624,-3.45312,416.7526
442304,442.276,10.06994,7.22016,6.2784,-3.1392,416.9191
442341,442.312,10.31766,7.22016,6.59232,-3.29616,416.9191
442376,442.348,10.03931,7.37712,6.12144,-2.98224,416.8451
442412,442.384,10.25058,7.53408,6.2784,-2.98224,416.602
442448,442.42,10.4623,7.691041,6.43536,-2.98224,416.9191
442521,442.492,10.17701,7.22016,6.59232,-2.82528,417.5691
442557,442.528,10.25058,7.53408,6.2784,-2.98224,416.4356
442592,442.564,10.25058,7.53408,6.2784,-2.98224,416.9191
442628,442.6,10.18911,7.37712,6.43536,-2.82528,416.7526
442701,442.672,9.924541,7.22016,6.12144,-2.98224,417.4
442737,442.708,10.08705,7.37712,6.12144,-3.1392,417.4
442772,442.744,9.993805,7.37712,6.12144,-2.82528,417.6404
442808,442.78,10.23374,7.37712,6.43536,-2.98224,417.1596
442844,442.816,10.30332,7.53408,6.43536,-2.82528,417.8069
442917,442.888,10.32959,7.37712,6.43536,-3.29616,416.6787
442952,442.924,9.976534,7.22016,6.2784,-2.82528,416.602
442988,442.96,9.976534,7.22016,6.2784,-2.82528,416.2691
443024,442.996,10.18911,7.37712,6.43536,-2.82528,416.8451
443097,443.068,10.25058,7.53408,6.2784,-2.98224,416.4356
443132,443.104,10.39379,7.53408,6.43536,-3.1392,417.0856
443168,443.14,10.29734,7.53408,6.2784,-3.1392,416.7526
443204,443.176,10.16369,7.53408,6.2784,-2.66832,416.4356
443241,443.212,10.26859,7.22016,6.59232,-3.1392,416.5095
443312,443.284,10.13578,7.37712,6.2784,-2.98224,416.9191
443348,443.32,10.33317,7.37712,6.59232,-2.98224,416.5095
443384,443.356,10.23374,7.37712,6.43536,-2.98224,416.8451
443420,443.392,10.4458,7.53408,6.59232,-2.98224,416.1026
443494,443.464,10.18911,7.37712,6.43536,-2.82528,416.6787
443532,443.504,10.29734,7.53408,6.2784,-3.1392,417.2336
443569,443.54,10.53622,7.691041,6.74928,-2.51136,416.4356
443605,443.576,10.17701,7.22016,6.59232,-2.82528,416.6787
443657,443.628,10.41865,7.691041,6.43536,-2.82528,417.0856
443704,443.676,10.42219,7.53408,6.74928,-2.51136,416.6787
443740,443.712,9.834769,7.22016,6.12144,-2.66832,416.7526
443777,443.748,9.908392,6.59232,7.0632,-2.19744,416.8451
443813,443.784,10.20602,7.53408,6.2784,-2.82528,416.6787
443884,443.856,9.622045,7.37712,5.4936,-2.82528,417.0856
443920,443.892,9.778243,7.0632,6.2784,-2.51136,416.8451
443957,443.928,10.07605,7.22016,6.43536,-2.82528,416.7526
443993,443.964,9.698553,7.53408,5.4936,-2.66832,416.602
444064,444.036,10.44227,7.53408,6.43536,-3.29616,417.0856
444100,444.072,10.02334,6.12144,7.22016,-3.29616,417.5691
444136,444.108,11.12314,7.691041,7.848001,-1.72656,416.2691
444173,444.144,10.18548,7.691041,6.12144,-2.66832,416.9191
444209,444.18,10.43637,7.848001,6.12144,-3.1392,415.8622
444280,444.252,10.32124,7.53408,6.59232,-2.51136,416.9191
444317,444.288,10.73886,7.53408,6.90624,-3.29616,417.1596
444353,444.324,9.924541,7.22016,6.12144,-2.98224,416.602
444389,444.36,10.06749,7.53408,6.12144,-2.66832,416.4356
444460,444.432,10.36055,7.53408,6.59232,-2.66832,416.5095
444496,444.468,10.26859,7.22016,6.59232,-3.1392,416.1026
444533,444.504,10.33317,7.37712,6.59232,-2.98224,416.898
444568,444.54,10.11997,7.22016,6.2784,-3.29616,416.7526
444604,444.576,10.13578,7.37712,6.2784,-2.98224,416.2691
444676,444.648,10.25058,7.53408,6.2784,-2.98224,416.2691
444712,444.684,10.25058,7.53408,6.2784,-2.98224,416.1951
444749,444.72,10.12118,7.22016,6.43536,-2.98224,416.9191
444784,444.756,10.34746,7.53408,6.43536,-2.98224,417.474
444856,444.828,10.09071,7.37712,6.2784,-2.82528,417.1596
444893,444.864,10.23374,7.37712,6.43536,-2.98224,416.2691
444931,444.9,10.28058,7.37712,6.43536,-3.1392,416.5095
444968,444.94,10.23374,7.37712,6.43536,-2.98224,416.5095
445004,444.976,10.16854,7.22016,6.43536,-3.1392,416.7526
445077,445.048,10.24698,7.37712,6.59232,-2.66832,416.5835
445113,445.084,10.00982,7.0632,6.43536,-2.98224,416.6787
445148,445.12,10.18306,7.37712,6.2784,-3.1392,417.326
445184,445.156,10.50812,7.691041,6.43536,-3.1392,416.5835
445257,445.228,10.14671,7.37712,6.43536,-2.66832,416.7526
445293,445.264,10.11022,7.53408,6.12144,-2.82528,416.3616
445328,445.3,10.53972,7.53408,6.59232,-3.29616,416.4356
445364,445.336,10.25058,7.53408,6.2784,-2.98224,417.0856
445401,445.372,10.02211,7.22016,6.2784,-2.98224,416.5835
445592,445.564,9.992573,7.22016,6.43536,-2.51136,416.9376
445629,445.6,10.79378,7.53408,7.0632,-3.1392,416.4356
445665,445.636,10.23374,7.37712,6.43536,-2.98224,417.5691
445701,445.672,9.560397,7.22016,5.80752,-2.3544,416.7526
445772,445.744,9.88848,7.22016,5.80752,-3.45312,416.9191
445809,445.78,10.03317,7.22016,6.43536,-2.66832,416.8451
445845,445.816,10.92987,7.848001,7.0632,-2.82528,417.0856
445880,445.852,10.16975,7.37712,6.59232,-2.3544,417.0856
445916,445.888,10.02334,7.0632,6.59232,-2.66832,417.4951
445989,445.96,10.68481,7.0632,7.37712,-3.1392,417.4
446024,445.996,10.81089,7.53408,7.22016,-2.82528,417.326
446060,446.032,10.29854,7.848001,5.96448,-2.98224,417.8069
446096,446.068,10.20602,7.53408,6.2784,-2.82528,417.5691
446168,446.14,10.06626,7.0632,6.59232,-2.82528,417.1596
446205,446.176,9.764376,7.0632,6.12144,-2.82528,416.5095
446241,446.212,9.999967,7.691041,5.80752,-2.66832,417.1596
446276,446.248,9.759328,7.37712,5.65056,-2.98224,417.1596
446312,446.284,10.11997,7.22016,6.2784,-3.29616,417.2336
446385,446.356,10.13578,7.37712,6.2784,-2.98224,416.602
446420,446.392,10.29734,7.53408,6.2784,-3.1392,417.0856
446459,446.428,10.29734,7.53408,6.2784,-3.1392,417.2336
446496,446.468,9.933225,7.22016,6.2784,-2.66832,416.6787
446569,446.54,10.03931,7.37712,6.12144,-2.98224,416.2691
446605,446.576,10.18306,7.37712,6.2784,-3.1392,416.174
446640,446.612,10.12118,7.22016,6.43536,-2.98224,416.6787
446676,446.648,10.6386,7.53408,6.74928,-3.29616,416.6787
446712,446.684,10.20602,7.53408,6.2784,-2.82528,417.1384
446785,446.756,10.60613,7.691041,6.43536,-3.45312,417.326
446820,446.792,10.36055,7.53408,6.59232,-2.66832,416.2691
446856,446.828,10.8291,7.848001,6.90624,-2.82528,417.326
446892,446.864,10.09071,7.37712,6.2784,-2.82528,417.5691
446966,446.936,10.72164,8.161921,6.12144,-3.29616,417.1596
447005,446.976,10.12727,7.0632,6.74928,-2.66832,416.5095
447040,447.012,10.23254,7.37712,6.2784,-3.29616,416.824
447077,447.048,10.02334,7.0632,6.59232,-2.66832,417.0671
447113,447.084,10.14671,7.37712,6.43536,-2.66832,416.8451
447184,447.156,10.28058,7.37712,6.43536,-3.1392,416.9191
447220,447.192,10.13578,7.37712,6.2784,-2.98224,416.8451
447257,447.228,10.04789,7.37712,6.2784,-2.66832,417.4
447293,447.264,10.18306,7.37712,6.2784,-3.1392,418.198
447364,447.336,10.1552,7.53408,6.12144,-2.98224,417.0856
447400,447.372,10.08705,7.37712,6.12144,-3.1392,416.4356
447437,447.408,10.25058,7.53408,6.2784,-2.98224,416.824
447473,447.444,10.36055,7.53408,6.59232,-2.66832,415.8622
447510,447.48,10.49287,7.37712,6.90624,-2.82528,416.8451
447584,447.556,10.28058,7.37712,6.43536,-3.1392,416.7711
447621,447.592,10.18306,7.37712,6.2784,-3.1392,416.2691
447659,447.628,10.10657,7.37712,6.43536,-2.51136,416.2691
447696,447.668,10.14671,7.37712,6.43536,-2.66832,416.9191
447768,447.74,9.982706,7.0632,6.59232,-2.51136,417.326
447805,447.776,10.33317,7.37712,6.59232,-2.98224,417.1807
447841,447.812,9.720121,7.0632,6.12144,-2.66832,416.8451
447877,447.848,10.06137,6.90624,6.74928,-2.82528,416.2691
447914,447.884,10.37956,7.37712,6.59232,-3.1392,416.602
447989,447.96,9.553953,6.90624,5.80752,-3.1392,416.602
448025,447.996,9.819727,7.0632,6.2784,-2.66832,416.3431
448060,448.032,10.18911,7.37712,6.43536,-2.82528,417.1596
448097,448.068,10.29854,7.848001,5.96448,-2.98224,416.6787
448169,448.14,10.0577,7.0632,6.43536,-3.1392,416.0286
448205,448.176,10.11997,7.22016,6.2784,-3.29616,416.6787
448240,448.212,10.03317,7.22016,6.43536,-2.66832,417.0856
448277,448.248,10.28058,7.37712,6.43536,-3.1392,416.6787
448312,448.284,10.30332,7.53408,6.43536,-2.82528,416.4356
448385,448.356,10.28058,7.37712,6.43536,-3.1392,416.602
448421,448.392,10.25058,7.53408,6.2784,-2.98224,416.9191
448457,448.428,10.25058,7.53408,6.2784,-2.98224,417.4
448492,448.464,10.15884,7.0632,6.59232,-3.1392,416.2691
448564,448.536,10.28896,7.37712,6.59232,-2.82528,417.0856
448601,448.572,10.18911,7.37712,6.43536,-2.82528,416.7711
448636,448.608,10.03931,7.37712,6.12144,-2.98224,416.9191
448672,448.644,10.434,7.37712,6.74928,-2.98224,417.0856
448708,448.68,9.67821,7.0632,6.12144,-2.51136,416.9191
448889,448.86,10.89488,7.37712,7.37712,-3.1392,417.4212
448925,448.896,10.62933,7.37712,6.90624,-3.29616,417.1067
448961,448.932,10.83251,7.37712,7.0632,-3.61008,416.3616
448996,448.968,10.28896,7.37712,6.59232,-2.82528,416.602
449068,449.04,10.18911,7.37712,6.43536,-2.82528,416.602
449105,449.076,9.976534,7.22016,6.2784,-2.82528,416.9191
449141,449.112,10.33317,7.37712,6.59232,-2.98224,417.6616
449176,449.148,10.09071,7.37712,6.2784,-2.82528,416.8451
449212,449.184,10.06749,7.53408,6.12144,-2.66832,416.8451
449285,449.256,10.41865,7.22016,6.74928,-3.29616,417.0856
449321,449.292,10.15884,7.0632,6.59232,-3.1392,416.4356
449356,449.328,10.23374,7.37712,6.43536,-2.98224,418.1451
449392,449.364,10.20602,7.53408,6.2784,-2.82528,416.9191
449465,449.436,10.12118,7.22016,6.43536,-2.98224,417.326
449503,449.472,9.950571,7.37712,6.12144,-2.66832,417.1596
449540,449.512,9.976534,7.22016,6.2784,-2.82528,417.0856
449576,449.548,10.53154,7.37712,6.59232,-3.61008,416.5095
449612,449.584,9.625885,6.90624,6.2784,-2.3544,417.6404
449685,449.656,9.94438,7.0632,6.59232,-2.3544,417.5691
449720,449.692,10.11997,7.22016,6.2784,-3.29616,417.5691
449756,449.728,10.22652,7.22016,6.2784,-3.61008,417.5691
449793,449.764,9.871025,7.37712,6.12144,-2.3544,416.8451
449865,449.836,10.23254,7.37712,6.2784,-3.29616,416.8451
449901,449.872,10.28896,7.37712,6.59232,-2.82528,416.6787
449936,449.908,10.47054,7.0632,7.0632,-3.1392,416.9191
449973,449.944,10.15399,6.90624,6.74928,-3.1392,416.6787
450009,449.98,10.51632,7.691041,6.59232,-2.82528,416.602
450080,450.052,10.27938,7.22016,6.74928,-2.82528,417.0856
450116,450.088,10.16369,7.53408,6.2784,-2.66832,416.602
450152,450.124,10.25058,7.53408,6.2784,-2.98224,416.7526
450189,450.16,10.2217,7.22016,6.59232,-2.98224,416.602
450261,450.232,10.2217,7.22016,6.59232,-2.98224,417.4
450296,450.268,10.28896,7.37712,6.59232,-2.82528,417.0856
450332,450.304,10.00982,7.0632,6.43536,-2.98224,416.6787
450368,450.34,10.2217,7.22016,6.59232,-2.98224,417.1596
450405,450.376,9.782022,7.22016,5.96448,-2.82528,416.5095
450476,450.448,11.49457,7.691041,8.00496,-2.98224,417.5691
450512,450.484,9.431977,7.37712,4.86576,-3.29616,417.2336
450549,450.52,9.78328,7.22016,5.80752,-3.1392,417.0856
450585,450.556,9.251325,6.74928,5.4936,-3.1392,416.2691
450656,450.628,9.376966,6.59232,5.96448,-2.98224,416.1211
450692,450.664,9.57456,7.0632,5.65056,-3.1392,416.7526
450729,450.7,10.25058,7.53408,6.2784,-2.98224,416.4144
450765,450.736,10.2217,7.22016,6.59232,-2.98224,416.6787
450800,450.772,10.37006,7.22016,6.74928,-3.1392,416.7526
450873,450.844,10.04789,7.37712,6.2784,-2.66832,417.0856
450911,450.88,10.32959,7.37712,6.43536,-3.29616,416.602
450949,450.92,10.21447,7.0632,6.74928,-2.98224,416.7526
450984,450.956,10.18911,7.37712,6.43536,-2.82528,417.8809
451056,451.028,9.993805,7.37712,6.12144,-2.82528,416.7526
451092,451.064,10.14671,7.37712,6.43536,-2.66832,416.7526
451128,451.1,10.18911,7.37712,6.43536,-2.82528,416.2691
451166,451.136,10.11144,7.0632,6.59232,-2.98224,417.252
451204,451.176,10.26859,7.22016,6.59232,-3.1392,416.5095
451277,451.248,9.933225,7.22016,6.2784,-2.66832,416.9376
451312,451.284,10.07605,7.22016,6.43536,-2.82528,416.8451
451350,451.32,10.33317,7.37712,6.59232,-2.98224,416.4356
451388,451.36,10.06994,7.22016,6.2784,-3.1392,416.0286
451461,451.432,10.12118,7.22016,6.43536,-2.98224,416.5095
451496,451.468,10.12118,7.22016,6.43536,-2.98224,416.9191
451534,451.504,10.26859,7.22016,6.59232,-3.1392,415.9335
451572,451.544,10.18911,7.37712,6.43536,-2.82528,416.7526
451608,451.58,10.12118,7.22016,6.43536,-2.98224,416.824
451680,451.652,10.2024,7.53408,6.12144,-3.1392,416.2691
451717,451.688,9.913363,7.848001,5.17968,-3.1392,416.6787
451752,451.724,10.37956,7.37712,6.59232,-3.1392,416.4356
451788,451.76,10.55957,7.691041,6.59232,-2.98224,416.1211
451861,451.832,10.434,7.37712,6.74928,-2.98224,415.7882
451897,451.868,10.17701,7.22016,6.59232,-2.82528,416.5095
451932,451.904,10.62354,7.848001,6.43536,-3.1392,416.2691
451968,451.94,10.3093,7.37712,6.74928,-2.51136,417.2336
452004,451.976,10.38074,7.37712,6.43536,-3.45312,417.2336
452197,452.168,10.16854,7.22016,6.43536,-3.1392,416.9376
452233,452.204,10.31766,7.22016,6.59232,-3.29616,416.8451
452269,452.24,10.08705,7.37712,6.12144,-3.1392,416.8451
452304,452.276,9.390092,6.74928,5.80752,-2.98224,416.8451
452377,452.348,10.32959,7.37712,6.43536,-3.29616,417.0856
452413,452.384,10.23374,7.37712,6.43536,-2.98224,416.4356
452449,452.42,9.976534,7.22016,6.2784,-2.82528,416.7526
452486,452.456,10.2217,7.22016,6.59232,-2.98224,417.0116
452524,452.496,10.13578,7.37712,6.2784,-2.98224,417.2336
452597,452.568,10.27938,7.22016,6.74928,-2.82528,417.0116
452633,452.604,10.12118,7.22016,6.43536,-2.98224,416.8451
452668,452.64,10.28058,7.37712,6.43536,-3.1392,416.5095
452704,452.676,10.13578,7.37712,6.2784,-2.98224,416.4356
452777,452.748,10.23374,7.37712,6.43536,-2.98224,416.9191
452813,452.784,9.976534,7.22016,6.2784,-2.82528,416.8451
452848,452.82,10.07605,7.22016,6.43536,-2.82528,416.6787
452884,452.856,10.16854,7.22016,6.43536,-3.1392,415.9547
452920,452.892,10.23374,7.37712,6.43536,-2.98224,416.2691
452993,452.964,10.40208,7.53408,6.59232,-2.82528,416.8451
453028,453.0,10.23374,7.37712,6.43536,-2.98224,416.0286
453064,453.036,10.17701,7.22016,6.59232,-2.82528,417.4
453100,453.072,10.20602,7.53408,6.2784,-2.82528,416.2691
453173,453.144,10.13578,7.37712,6.2784,-2.98224,416.1951
453208,453.18,10.39379,7.53408,6.43536,-3.1392,416.4356
453244,453.216,10.33317,7.37712,6.59232,-2.98224,417.326
453280,453.252,10.12118,7.22016,6.43536,-2.98224,416.6787
453317,453.288,10.33317,7.37712,6.59232,-2.98224,416.4356
453388,453.36,10.1552,7.53408,6.12144,-2.98224,416.4356
453424,453.396,10.12118,7.22016,6.43536,-2.98224,417.0856
453460,453.432,9.957995,7.0632,6.2784,-3.1392,416.2691
453497,453.468,10.18306,7.37712,6.2784,-3.1392,417.1596
453569,453.54,10.28058,7.37712,6.43536,-3.1392,417.5691
453604,453.576,10.23374,7.37712,6.43536,-2.98224,416.602
453640,453.612,10.02211,7.22016,6.2784,-2.98224,416.1951
453677,453.648,10.30332,7.53408,6.43536,-2.82528,416.7526
453713,453.684,10.16854,7.22016,6.43536,-3.1392,416.1211
453784,453.756,10.33317,7.37712,6.59232,-2.98224,416.9191
453820,453.792,10.26859,7.22016,6.59232,-3.1392,416.8451
453857,453.828,10.434,7.37712,6.74928,-2.98224,416.9191
453892,453.864,10.28058,7.37712,6.43536,-3.1392,416.9191
453967,453.936,10.07605,7.22016,6.43536,-2.82528,416.4356
454004,453.976,10.09071,7.37712,6.2784,-2.82528,416.9904
454041,454.012,10.02334,7.0632,6.59232,-2.66832,417.2336
454077,454.048,9.764376,7.0632,6.12144,-2.82528,416.9191
454112,454.084,10.33317,7.37712,6.59232,-2.98224,416.9191
454185,454.156,10.07605,7.22016,6.43536,-2.82528,417.1596
454221,454.192,10.13578,7.37712,6.2784,-2.98224,416.9191
454257,454.228,10.17701,7.22016,6.59232,-2.82528,416.9191
454292,454.264,10.03931,7.37712,6.12144,-2.98224,417.4
454364,454.336,9.976534,7.22016,6.2784,-2.82528,417.2336
454401,454.372,10.28896,7.37712,6.59232,-2.82528,416.8451
454437,454.408,10.23254,7.37712,6.2784,-3.29616,416.2691
454472,454.444,10.23374,7.37712,6.43536,-2.98224,417.0856
454508,454.48,10.12118,7.22016,6.43536,-2.98224,417.5691
454581,454.552,10.37956,7.37712,6.59232,-3.1392,417.0856
454617,454.588,10.28058,7.37712,6.43536,-3.1392,416.6787
454652,454.624,10.17701,7.22016,6.59232,-2.82528,416.602
454688,454.66,10.12118,7.22016,6.43536,-2.98224,416.7526
454761,454.732,10.16854,7.22016,6.43536,-3.1392,417.0856
454796,454.768,10.36887,7.22016,6.59232,-3.45312,416.898
454833,454.804,10.4281,7.37712,6.59232,-3.29616,416.2691
454868,454.84,10.22291,6.90624,6.43536,-3.924,416.4356
454904,454.876,10.26979,7.22016,6.43536,-3.45312,416.2691
454977,454.948,103.4098,31.392,80.0496,-57.44737,416.7315
455013,454.984,68.28933,68.2776,0.15696,-1.25568,416.5095
455049,455.02,77.87004,73.30032,12.87072,22.91616,417.0856
455084,455.056,75.15386,72.2016,9.88848,18.36432,416.9904
455157,455.128,72.50686,70.31808,10.2024,14.44032,416.4356
455193,455.164,75.6557,72.98641,13.02768,15.06816,415.0642
455229,455.2,81.16653,78.95088,11.30112,15.06816,414.3402
455264,455.236,82.41178,80.0496,11.92896,15.53904,413.3758
455444,455.416,33.23922,32.80464,2.82528,4.55184,447.543
455483,455.452,36.03659,26.6832,-17.89344,-16.32384,462.1337
455521,455.492,110.3844,46.30321,-60.27264,80.0496,452.3071
455557,455.528,59.25714,9.88848,-51.48288,27.62496,435.8536
455593,455.564,53.8988,40.0248,31.07808,18.36432,433.8481
455665,455.636,30.11383,10.04544,10.51632,26.36928,461.3727
455700,455.672,66.61487,18.67824,-10.35936,63.09793,428.0801
455737,455.708,34.75202,13.49856,32.01984,0.47088,440.9823
455773,455.744,58.4022,12.39984,34.21728,45.67536,443.0168
455845,455.816,68.49088,58.38912,35.15904,-6.74928,444.2111
455881,455.852,30.83815,22.91616,19.93392,-5.33664,431.4041
455917,455.888,52.46458,51.95376,3.45312,-6.43536,437.6715
455953,455.924,64.56497,58.0752,6.43536,-27.468,443.2441
456025,455.996,26.36227,19.14912,1.5696,-18.0504,443.0697
456061,456.032,15.14156,9.57456,11.45808,2.51136,442.5544
456097,456.068,7.535715,2.3544,5.65056,-4.39488,441.4183
456132,456.104,23.55289,11.14416,3.76704,-20.4048,442.6681
456168,456.14,21.83155,16.16688,-6.43536,-13.18464,444.7423
456240,456.212,12.73312,12.39984,2.19744,-1.88352,443.6272
456277,456.248,13.79642,12.71376,0.47088,-5.33664,442.0365
456312,456.284,16.93859,15.53904,2.82528,-6.12144,441.5054
456348,456.32,13.38124,10.9872,1.25568,-7.53408,441.9626
456420,456.392,14.48971,14.28336,0.62784,-2.3544,444.3301
456456,456.428,16.12492,15.85296,1.25568,-2.66832,442.8108
456493,456.464,14.6453,14.44032,1.72656,-1.72656,442.5941
456528,456.5,15.91423,15.38208,1.5696,-3.76704,442.6945
456600,456.572,13.88542,13.81248,-0.15696,-1.41264,442.8662
456637,456.608,14.28767,14.28336,0.31392,0.15696,443.3762
456673,456.644,15.1212,15.06816,1.09872,-0.62784,443.0618
456709,456.68,15.59759,15.53904,1.09872,-0.7848001,442.0973
456744,456.716,15.44601,15.38208,0.62784,-1.25568,441.7829
456817,456.788,14.14905,14.1264,0.7848001,0.15696,442.3431
456854,456.824,13.29258,13.18464,1.5696,0.62784,442.639
456893,456.864,13.59767,13.49856,0.47088,1.5696,442.2004
456930,456.9,15.44681,15.38208,0.0,1.41264,441.6481
457005,456.976,14.44458,14.44032,-0.15696,0.31392,441.1197
457043,457.012,14.07923,13.96944,1.72656,0.31392,440.6652
457080,457.052,13.17529,12.71376,2.66832,2.19744,440.6203
457116,457.088,13.17155,12.39984,2.3544,3.76704,438.9081
457152,457.124,14.55333,13.65552,-0.31392,5.02272,438.6941
457225,457.196,13.67085,13.65552,-0.15696,0.62784,439.5422
457260,457.232,12.3351,11.92896,0.0,3.1392,439.1565
457296,457.268,13.05507,13.02768,-0.31392,0.7848001,439.426
457332,457.304,16.34646,16.00992,2.98224,1.41264,438.562
457405,457.376,12.65647,10.35936,1.72656,7.0632,436.4931
457440,457.412,8.250484,7.37712,-0.7848001,3.61008,439.5792
457476,457.448,9.037136,8.632801,-2.04048,1.72656,438.8156
457512,457.484,12.48794,11.92896,0.7848001,3.61008,436.9898
457549,457.52,10.19757,9.260641,1.25568,4.08096,436.9898
457620,457.592,18.03743,14.9112,5.33664,8.632801,435.8695
457656,457.628,14.81589,11.61504,3.924,8.31888,434.6963
457692,457.664,9.774464,8.475841,0.15696,4.86576,438.0256
457728,457.7,8.849816,7.37712,-0.47088,4.86576,436.4376
457800,457.772,12.49879,10.67328,2.19744,6.12144,435.1931
457836,457.808,14.14905,12.08592,1.41264,7.22016,433.8085
457872,457.844,16.47108,12.5568,2.51136,10.35936,431.7423
457909,457.88,11.91036,8.946721,-0.47088,7.848001,432.5957
457980,457.952,12.23986,10.9872,0.7848001,5.33664,432.8256
458016,457.988,12.26901,10.9872,1.72656,5.17968,434.2894
458052,458.024,16.3427,14.75424,2.82528,6.43536,433.7081
458089,458.06,18.27489,13.18464,5.02272,11.61504,430.1014
458125,458.096,10.88583,7.37712,0.0,8.00496,430.9522
458196,458.168,12.72344,11.14416,0.47088,6.12144,431.1187
458232,458.204,12.371,10.67328,1.88352,5.96448,432.5164
458269,458.24,14.96809,13.65552,1.41264,5.96448,433.9539
458305,458.276,19.31118,14.75424,4.08096,11.772,428.878
458376,458.348,10.43282,6.90624,-1.41264,7.691041,430.6563
458414,458.384,11.0219,8.00496,-1.72656,7.37712,429.3167
458453,458.424,12.92325,12.08592,1.72656,4.23792,431.0262
458490,458.46,14.41812,13.02768,2.82528,5.4936,433.0105
458528,458.5,20.77216,15.06816,4.23792,13.65552,425.8103
458720,458.692,16.79619,14.28336,2.98224,8.31888,430.8439
458757,458.728,20.55937,13.96944,3.1392,14.75424,424.6372
458792,458.764,16.08132,11.61504,1.72656,10.9872,422.5789
458829,458.8,10.99168,6.59232,-0.31392,8.789761,424.1906
458900,458.872,13.92882,12.71376,2.3544,5.17968,426.2146
458936,458.908,15.47549,13.18464,2.98224,7.53408,427.6229
458973,458.944,19.76325,15.22512,2.98224,12.24288,421.7915
459009,458.98,16.66883,11.45808,2.82528,11.772,420.6579
459045,459.016,10.61542,6.59232,-0.15696,8.31888,420.8667
459116,459.088,14.52962,13.18464,1.88352,5.80752,423.5433
459153,459.124,14.2012,12.39984,3.76704,5.80752,425.673
459189,459.16,19.76014,14.75424,2.66832,12.87072,420.391
459224,459.196,17.76493,12.39984,2.04048,12.5568,418.338
459296,459.268,13.4803,10.04544,-1.88352,8.789761,419.6089
459333,459.304,14.54402,13.02768,-0.62784,6.43536,421.0516
459368,459.34,15.81328,13.49856,4.23792,7.0632,422.9091
459405,459.376,20.22775,14.44032,3.1392,13.81248,417.3868
459440,459.412,15.28085,11.14416,1.41264,10.35936,415.4024
459513,459.484,13.36466,9.417601,-2.04048,9.260641,416.9138
459549,459.52,15.00508,13.65552,1.09872,6.12144,419.7278
459584,459.556,16.03529,13.81248,3.45312,7.37712,421.0384
459621,459.592,21.40994,15.85296,3.45312,13.96944,415.0404
459693,459.664,11.89276,8.789761,0.31392,8.00496,414.7709
459729,459.7,14.64194,10.35936,-1.72656,10.2024,415.5953
459765,459.736,16.40964,14.59728,2.51136,7.0632,418.1055
459800,459.772,18.95646,15.696,2.98224,10.2024,416.5994
459836,459.808,20.90634,14.59728,2.51136,14.75424,411.225
459909,459.88,13.44186,9.260641,-0.47088,9.731521,412.1551
459948,459.916,15.56439,13.49856,-0.94176,7.691041,413.6295
459984,459.956,16.93132,15.06816,3.45312,6.90624,416.898
460020,459.992,42.97008,-3.924,17.42256,-39.08304,412.9689
460094,460.064,4.42282,-0.15696,0.47088,4.39488,415.2492
460134,460.104,2.953185,1.09872,1.09872,-2.51136,414.5041
460173,460.144,3.015103,2.66832,0.62784,-1.25568,414.8502
460208,460.18,2.317487,1.09872,2.04048,0.0,415.4341
460281,460.252,13.43453,-5.4936,-3.924,-11.61504,413.323
460317,460.288,12.37299,-1.09872,1.41264,12.24288,412.6069
460353,460.324,9.580991,-0.31392,-0.15696,9.57456,412.7787
460388,460.36,10.20361,0.0,-0.15696,10.2024,411.7138
460425,460.396,9.900929,0.15696,-0.47088,9.88848,412.6069
460497,460.468,9.909635,-0.15696,-0.62784,9.88848,412.9504
460533,460.504,10.06504,0.0,-0.62784,10.04544,412.9504
460568,460.54,9.899685,0.0,-0.47088,9.88848,412.2317
460604,460.576,10.37006,0.0,-0.47088,10.35936,412.9504
460641,460.612,9.900929,-0.15696,-0.47088,9.88848,412.9504
460713,460.684,9.899685,0.0,-0.47088,9.88848,412.4722
460748,460.72,10.0577,0.15696,-0.47088,10.04544,412.7787
460785,460.756,10.07727,-0.15696,-0.7848001,10.04544,412.7126
460820,460.792,9.742906,0.0,-0.47088,9.731521,412.7787
460892,460.864,9.909635,0.15696,-0.62784,9.88848,413.6691
460928,460.9,9.908392,0.0,-0.62784,9.88848,413.7378
460964,460.936,10.06627,0.15696,-0.62784,10.04544,413.5634
461001,460.972,10.05647,0.0,-0.47088,10.04544,412.8447
461038,461.008,10.06504,0.0,-0.62784,10.04544,412.9108
461112,461.084,10.06504,0.0,-0.62784,10.04544,413.6295
461148,461.12,10.05647,0.0,-0.47088,10.04544,413.2199
461185,461.156,9.909635,0.15696,-0.62784,9.88848,412.739
461221,461.192,9.908392,0.0,-0.62784,9.88848,413.2199
461292,461.264,9.893462,0.0,-0.31392,9.88848,412.6333
461329,461.3,10.05647,0.0,-0.47088,10.04544,412.6994
461365,461.336,9.893462,0.0,-0.31392,9.88848,413.8964
461403,461.372,9.909635,-0.15696,-0.62784,9.88848,413.0059
461440,461.412,9.736583,0.0,-0.31392,9.731521,412.5277
461512,461.484,10.21326,0.0,-0.47088,10.2024,413.6585
461549,461.52,10.06627,0.15696,-0.62784,10.04544,413.0059
461585,461.556,9.899685,0.0,-0.47088,9.88848,412.1841
461620,461.592,9.742906,0.0,-0.47088,9.731521,412.1471
461673,461.644,10.07605,0.0,-0.7848001,10.04544,412.2899
461721,461.692,9.900929,0.15696,-0.47088,9.88848,413.2463
461757,461.728,10.0577,0.15696,-0.47088,10.04544,412.9689
461792,461.764,9.893462,0.0,-0.31392,9.88848,412.4219
461828,461.8,9.893462,0.0,-0.31392,9.88848,412.6624
462008,461.98,9.742906,0.0,-0.47088,9.731521,414.512
462044,462.016,9.908392,0.0,-0.62784,9.88848,414.3376
462081,462.052,9.899685,0.0,-0.47088,9.88848,413.9254
462117,462.088,9.908392,0.0,-0.62784,9.88848,413.7563
462153,462.124,10.06627,-0.15696,-0.62784,10.04544,413.9254
462224,462.196,9.920816,-0.15696,-0.7848001,9.88848,414.2345
462261,462.232,9.74417,-0.15696,-0.47088,9.731521,413.5159
462296,462.268,10.07727,-0.15696,-0.7848001,10.04544,413.5159
462333,462.304,10.21447,-0.15696,-0.47088,10.2024,413.7563
462404,462.376,9.908392,0.0,-0.62784,9.88848,413.8594
462440,462.412,9.900929,-0.15696,-0.47088,9.88848,413.4102
462477,462.448,9.908392,0.0,-0.62784,9.88848,414.2345
462513,462.484,10.23374,0.15696,-0.7848001,10.2024,414.2345
462548,462.52,9.899685,0.0,-0.47088,9.88848,414.0628
462621,462.592,9.742906,0.0,-0.47088,9.731521,413.8224
462657,462.628,9.908392,0.0,-0.62784,9.88848,413.8224
462692,462.664,10.06627,0.15696,-0.62784,10.04544,414.0628
462728,462.7,10.05647,0.0,-0.47088,10.04544,414.5411
462801,462.772,10.05647,0.0,-0.47088,10.04544,413.8884
462837,462.808,10.06504,0.0,-0.62784,10.04544,413.4102
462872,462.844,10.05647,0.0,-0.47088,10.04544,413.1697
462910,462.88,10.05647,0.0,-0.47088,10.04544,414.0628
462950,462.92,10.06504,0.0,-0.62784,10.04544,413.4102
463025,462.996,10.2217,0.0,-0.62784,10.2024,413.8884
463061,463.032,10.05647,0.0,-0.47088,10.04544,414.1289
463096,463.068,9.900929,-0.15696,-0.47088,9.88848,415.0193
463132,463.104,9.909635,0.15696,-0.62784,9.88848,413.9941
463205,463.176,9.742906,0.0,-0.47088,9.731521,413.8884
463241,463.212,9.894707,-0.15696,-0.31392,9.88848,413.8884
463276,463.248,9.908392,0.0,-0.62784,9.88848,413.9941
463312,463.284,10.06994,0.31392,-0.62784,10.04544,413.648
463349,463.32,9.909635,0.15696,-0.62784,9.88848,413.5449
463421,463.392,9.899685,0.0,-0.47088,9.88848,414.2345
463456,463.428,10.06994,-0.31392,-0.62784,10.04544,413.7827
463492,463.464,9.900929,-0.15696,-0.47088,9.88848,414.0628
463529,463.5,10.05157,0.15696,-0.31392,10.04544,413.8884
463601,463.572,9.899685,0.0,-0.47088,9.88848,413.8884
463636,463.608,10.21447,0.15696,-0.47088,10.2024,414.1289
463672,463.644,9.74417,-0.15696,-0.47088,9.731521,413.648
463709,463.68,9.920816,-0.15696,-0.7848001,9.88848,413.2384
463745,463.716,9.74417,-0.15696,-0.47088,9.731521,413.8884
463816,463.788,10.06504,0.0,-0.62784,10.04544,413.8884
463852,463.824,10.05157,-0.15696,-0.31392,10.04544,413.1697
463889,463.86,9.909635,0.15696,-0.62784,9.88848,414.1949
463925,463.896,10.06627,0.15696,-0.62784,10.04544,413.9571
463996,463.968,9.900929,-0.15696,-0.47088,9.88848,413.4102
464032,464.004,10.22291,-0.15696,-0.62784,10.2024,414.1949
464069,464.04,10.0577,-0.15696,-0.47088,10.04544,414.3667
464105,464.076,10.21447,-0.15696,-0.47088,10.2024,414.1949
464140,464.112,10.05647,0.0,-0.47088,10.04544,413.2384
464212,464.184,9.909635,-0.15696,-0.62784,9.88848,413.648
464249,464.22,9.899685,0.0,-0.47088,9.88848,414.1949
464285,464.256,10.0577,-0.15696,-0.47088,10.04544,414.5411
464321,464.292,10.07605,0.0,-0.7848001,10.04544,413.4102
464395,464.364,10.21326,0.0,-0.47088,10.2024,413.648
464433,464.404,9.894707,-0.15696,-0.31392,9.88848,413.8884
464469,464.44,9.894707,0.15696,-0.31392,9.88848,413.8884
464504,464.476,9.899685,0.0,-0.47088,9.88848,413.7827
464540,464.512,9.595123,0.0,-0.62784,9.57456,413.7167
464613,464.584,10.05647,0.0,-0.47088,10.04544,413.8224
464649,464.62,9.736583,0.0,-0.31392,9.731521,414.0628
464686,464.656,10.0577,0.15696,-0.47088,10.04544,414.1289
464724,464.696,10.06627,0.15696,-0.62784,10.04544,412.9293
464796,464.768,10.05647,0.0,-0.47088,10.04544,413.5819
464833,464.804,10.05034,0.0,-0.31392,10.04544,414.0628
464869,464.84,9.919575,0.0,-0.7848001,9.88848,413.4102
464904,464.876,10.06504,0.0,-0.62784,10.04544,413.4102
464940,464.912,10.05647,0.0,-0.47088,10.04544,413.9571
465013,464.984,10.06627,0.15696,-0.62784,10.04544,413.5819
465049,465.02,10.06627,-0.15696,-0.62784,10.04544,413.5819
465084,465.056,10.06627,0.15696,-0.62784,10.04544,414.2345
465120,465.092,10.21447,-0.15696,-0.47088,10.2024,414.1289
465312,465.284,9.908392,0.0,-0.62784,9.88848,414.7498
465348,465.32,10.21326,0.0,-0.47088,10.2024,414.2345
465385,465.356,9.736583,0.0,-0.31392,9.731521,414.4724
465422,465.392,9.74417,0.15696,-0.47088,9.731521,414.7128
465456,465.428,10.21447,0.15696,-0.47088,10.2024,414.8845
465528,465.5,9.751752,0.0,-0.62784,9.731521,414.4724
465565,465.536,9.899685,0.0,-0.47088,9.88848,413.4102
465601,465.572,9.899685,0.0,-0.47088,9.88848,413.8884
465636,465.608,10.21326,0.0,-0.47088,10.2024,413.8884
465672,465.644,9.899685,0.0,-0.47088,9.88848,414.5411
465744,465.716,9.893462,0.0,-0.31392,9.88848,414.5411
465780,465.752,9.908392,0.0,-0.62784,9.88848,413.9941
465816,465.788,9.904661,-0.31392,-0.47088,9.88848,413.8884
465852,465.824,9.899685,0.0,-0.47088,9.88848,413.648
465924,465.896,9.919575,0.0,-0.7848001,9.88848,414.5411
465963,465.932,9.908392,0.0,-0.62784,9.88848,414.3006
466001,465.972,9.894707,-0.15696,-0.31392,9.88848,413.6876
466036,466.008,10.06627,0.15696,-0.62784,10.04544,413.4102
466072,466.044,10.06627,0.15696,-0.62784,10.04544,414.3006
466145,466.116,9.742906,0.0,-0.47088,9.731521,414.7128
466181,466.152,10.05647,0.0,-0.47088,10.04544,413.9941
466216,466.188,10.0577,-0.15696,-0.47088,10.04544,413.648
466252,466.224,9.742906,0.0,-0.47088,9.731521,414.5411
466325,466.296,10.0577,-0.15696,-0.47088,10.04544,414.4063
466360,466.332,9.736583,0.0,-0.31392,9.731521,414.7128
466396,466.368,9.751752,0.0,-0.62784,9.731521,413.648
466432,466.404,10.05034,0.0,-0.31392,10.04544,413.9941
466469,466.44,10.0577,0.15696,-0.47088,10.04544,413.4102
466541,466.512,10.0577,0.15696,-0.47088,10.04544,414.8845
466576,466.548,10.05647,0.0,-0.47088,10.04544,414.3667
466614,466.584,10.05647,0.0,-0.47088,10.04544,414.6441
466653,466.624,9.909635,0.15696,-0.62784,9.88848,413.9941
466689,466.66,10.06504,0.0,-0.62784,10.04544,413.3441
466760,466.732,9.764376,0.15696,-0.7848001,9.731521,413.7563
466796,466.768,10.0577,0.15696,-0.47088,10.04544,414.2345
466833,466.804,9.899685,0.0,-0.47088,9.88848,413.5819
466868,466.84,9.908392,0.0,-0.62784,9.88848,414.5781
466940,466.912,10.0577,-0.15696,-0.47088,10.04544,413.8884
466976,466.948,10.20723,0.0,-0.31392,10.2024,414.2345
467012,466.984,9.899685,0.0,-0.47088,9.88848,414.9533
467049,467.02,9.74417,-0.15696,-0.47088,9.731521,414.7128
467084,467.056,10.05157,-0.15696,-0.31392,10.04544,414.2345
467156,467.128,10.0577,-0.15696,-0.47088,10.04544,413.5159
467193,467.164,10.2217,0.0,-0.62784,10.2024,413.6189
467229,467.2,10.06504,0.0,-0.62784,10.04544,413.7563
467265,467.236,10.0577,0.15696,-0.47088,10.04544,413.4102
467336,467.308,10.07605,0.0,-0.7848001,10.04544,414.5781
467373,467.344,10.06627,-0.15696,-0.62784,10.04544,413.8884
467410,467.38,9.742906,0.0,-0.47088,9.731521,413.8224
467450,467.42,10.21326,0.0,-0.47088,10.2024,413.1697
467488,467.46,9.909635,-0.15696,-0.62784,9.88848,413.9941
467561,467.532,9.908392,0.0,-0.62784,9.88848,414.1658
467597,467.568,10.05647,0.0,-0.47088,10.04544,413.8884
467633,467.604,9.908392,0.0,-0.62784,9.88848,413.2754
467668,467.64,9.899685,0.0,-0.47088,9.88848,413.5819
467741,467.712,9.909635,-0.15696,-0.62784,9.88848,413.7563
467777,467.748,9.763115,0.0,-0.7848001,9.731521,413.4471
467812,467.784,9.579705,0.0,-0.31392,9.57456,413.2754
467848,467.82,10.05647,0.0,-0.47088,10.04544,413.7563
467884,467.856,9.900929,-0.15696,-0.47088,9.88848,413.7563
467956,467.928,10.05157,0.15696,-0.31392,10.04544,413.2754
467993,467.964,10.0577,-0.15696,-0.47088,10.04544,414.5411
468028,468.0,9.899685,0.0,-0.47088,9.88848,413.9254
468064,468.036,10.0577,0.15696,-0.47088,10.04544,413.9254
468137,468.108,9.899685,0.0,-0.47088,9.88848,414.8159
468173,468.144,10.21326,0.0,-0.47088,10.2024,413.7563
468208,468.18,9.908392,0.0,-0.62784,9.88848,413.8224
468245,468.216,10.06627,-0.15696,-0.62784,10.04544,413.2754
468280,468.252,9.900929,0.15696,-0.47088,9.88848,413.9254
468354,468.324,10.06627,-0.15696,-0.62784,10.04544,412.9689
468392,468.364,10.06627,0.15696,-0.62784,10.04544,413.4471
468428,468.4,10.05647,0.0,-0.47088,10.04544,413.2754
468465,468.436,9.753016,0.15696,-0.62784,9.731521,413.9941
468624,468.596,9.899685,0.0,-0.47088,9.88848,414.4459
468672,468.644,10.06627,0.15696,-0.62784,10.04544,414.2345
468709,468.68,10.06504,0.0,-0.62784,10.04544,413.7933
468745,468.716,10.05647,0.0,-0.47088,10.04544,412.9689
468780,468.752,9.908392,0.0,-0.62784,9.88848,414.2715
468852,468.824,10.21326,0.0,-0.47088,10.2024,413.9254
468889,468.86,10.05647,0.0,-0.47088,10.04544,413.6189
468927,468.896,10.06504,0.0,-0.62784,10.04544,414.0998
468964,468.936,10.06627,0.15696,-0.62784,10.04544,413.7563
469000,468.972,10.23254,0.0,-0.7848001,10.2024,413.2067
469073,469.044,9.904661,-0.31392,-0.47088,9.88848,414.0998
469108,469.08,10.0577,0.15696,-0.47088,10.04544,415.0563
469145,469.116,10.06627,0.15696,-0.62784,10.04544,413.9254
469180,469.152,9.900929,0.15696,-0.47088,9.88848,412.9689
469253,469.224,10.05157,-0.15696,-0.31392,10.04544,413.4471
469288,469.26,10.20723,0.0,-0.31392,10.2024,414.0998
469325,469.296,10.05647,0.0,-0.47088,10.04544,412.9002
469360,469.332,10.22291,-0.15696,-0.62784,10.2024,414.1658
469397,469.368,9.899685,0.0,-0.47088,9.88848,413.6189
469470,469.44,9.899685,0.0,-0.47088,9.88848,414.4459
469508,469.48,10.0577,0.15696,-0.47088,10.04544,413.8594
469544,469.516,9.899685,0.0,-0.47088,9.88848,413.7933
469581,469.552,9.736583,0.0,-0.31392,9.731521,414.0337
469652,469.624,9.913363,-0.31392,-0.62784,9.88848,414.2715
469688,469.66,10.2217,0.0,-0.62784,10.2024,414.0998
469724,469.696,9.74417,-0.15696,-0.47088,9.731521,414.3376
469760,469.732,10.05034,0.0,-0.31392,10.04544,413.2067
469797,469.768,10.05034,0.0,-0.31392,10.04544,414.0998
469868,469.84,10.05647,0.0,-0.47088,10.04544,413.6189
469904,469.876,10.05647,0.0,-0.47088,10.04544,413.6189
469941,469.912,10.2217,0.0,-0.62784,10.2024,413.965
469979,469.948,9.742906,0.0,-0.47088,9.731521,413.9254
470018,469.988,9.899685,0.0,-0.47088,9.88848,413.6876
470092,470.064,9.893462,0.0,-0.31392,9.88848,414.0337
470128,470.1,10.05647,0.0,-0.47088,10.04544,413.3124
470165,470.136,9.908392,0.0,-0.62784,9.88848,414.2715
470202,470.172,10.05647,0.0,-0.47088,10.04544,413.6189
470277,470.248,10.06627,-0.15696,-0.62784,10.04544,414.4459
470312,470.284,10.06627,-0.15696,-0.62784,10.04544,413.6189
470349,470.32,10.05647,0.0,-0.47088,10.04544,413.3811
470387,470.356,9.742906,0.0,-0.47088,9.731521,414.2715
470424,470.396,10.06627,0.15696,-0.62784,10.04544,413.6189
470496,470.468,9.899685,0.0,-0.47088,9.88848,413.965
470533,470.504,10.05647,0.0,-0.47088,10.04544,414.7498
470569,470.54,10.67905,0.15696,-0.31392,10.67328,413.6189
470604,470.576,10.05647,0.0,-0.47088,10.04544,414.512
470676,470.648,9.899685,0.0,-0.47088,9.88848,413.7933
470713,470.684,10.07605,0.0,-0.7848001,10.04544,414.8555
470749,470.72,10.06627,-0.15696,-0.62784,10.04544,413.7246
470784,470.756,10.05034,0.0,-0.31392,10.04544,413.3811
470820,470.792,9.900929,-0.15696,-0.47088,9.88848,413.965
470893,470.864,9.900929,0.15696,-0.47088,9.88848,413.5529
470928,470.9,10.06627,0.15696,-0.62784,10.04544,413.6189
470964,470.936,10.06504,0.0,-0.62784,10.04544,413.1406
471000,470.972,10.05157,0.15696,-0.31392,10.04544,413.7246
471072,471.044,10.0577,0.15696,-0.47088,10.04544,414.2715
471109,471.08,10.0577,-0.15696,-0.47088,10.04544,413.7246
471145,471.116,10.36412,0.0,-0.31392,10.35936,414.2055
471181,471.152,10.06627,0.15696,-0.62784,10.04544,413.4868
471216,471.188,10.06504,0.0,-0.62784,10.04544,413.965
471289,471.26,9.909635,0.15696,-0.62784,9.88848,413.3124
471324,471.296,9.900929,0.15696,-0.47088,9.88848,414.4459
471360,471.332,9.74417,-0.15696,-0.47088,9.731521,413.7246
471396,471.368,10.06504,0.0,-0.62784,10.04544,414.0998
471469,471.44,9.587417,-0.15696,-0.47088,9.57456,413.965
471504,471.476,10.05647,0.0,-0.47088,10.04544,414.512
471540,471.512,9.899685,0.0,-0.47088,9.88848,413.965
471577,471.548,10.05034,0.0,-0.31392,10.04544,414.3085
471612,471.584,9.908392,0.0,-0.62784,9.88848,413.8964
471685,471.656,10.21447,0.15696,-0.47088,10.2024,413.8303
471720,471.692,9.893462,0.0,-0.31392,9.88848,412.9002
471757,471.728,9.74417,-0.15696,-0.47088,9.731521,413.4868
471792,471.764,10.06627,-0.15696,-0.62784,10.04544,413.3124
471831,471.8,10.06504,0.0,-0.62784,10.04544,413.1406
472025,471.996,9.899685,0.0,-0.47088,9.88848,414.2055
472060,472.032,10.05647,0.0,-0.47088,10.04544,414.3773
472096,472.068,10.0577,0.15696,-0.47088,10.04544,414.0707
472132,472.104,10.05647,0.0,-0.47088,10.04544,414.0707
472205,472.176,9.909635,0.15696,-0.62784,9.88848,414.4829
472240,472.212,9.899685,0.0,-0.47088,9.88848,414.7894
472276,472.248,10.06994,0.31392,-0.62784,10.04544,414.1764
472312,472.284,9.742906,0.0,-0.47088,9.731521,414.1368
472349,472.32,10.0577,0.15696,-0.47088,10.04544,413.8964
472421,472.392,10.22291,0.15696,-0.62784,10.2024,413.7933
472456,472.428,9.908392,0.0,-0.62784,9.88848,413.8964
472493,472.464,10.06504,0.0,-0.62784,10.04544,413.6585
472529,472.5,10.07605,0.0,-0.7848001,10.04544,414.3085
472601,472.572,10.0577,0.15696,-0.47088,10.04544,414.0707
472636,472.608,9.899685,0.0,-0.47088,9.88848,414.0707
472673,472.644,10.05157,0.15696,-0.31392,10.04544,414.1368
472709,472.68,9.899685,0.0,-0.47088,9.88848,413.2463
472745,472.716,10.37837,0.0,-0.62784,10.35936,413.7642
472816,472.788,10.05034,0.0,-0.31392,10.04544,413.5925
472853,472.824,9.899685,0.0,-0.47088,9.88848,414.1368
472889,472.86,10.2217,0.0,-0.62784,10.2024,414.3773
472925,472.896,10.06627,0.15696,-0.62784,10.04544,414.3085
472960,472.932,9.894707,0.15696,-0.31392,9.88848,414.3085
473032,473.004,9.900929,0.15696,-0.47088,9.88848,414.5516
473069,473.04,9.751752,0.0,-0.62784,9.731521,414.3085
473105,473.076,10.2217,0.0,-0.62784,10.2024,413.8964
473141,473.112,9.899685,0.0,-0.47088,9.88848,414.3085
473212,473.184,9.909635,0.15696,-0.62784,9.88848,413.3521
473249,473.22,9.900929,0.15696,-0.47088,9.88848,413.5925
473285,473.256,10.05157,0.15696,-0.31392,10.04544,413.5925
473321,473.292,10.06504,0.0,-0.62784,10.04544,413.6585
473359,473.328,9.763115,0.0,-0.7848001,9.731521,413.8303
473433,473.404,10.06627,0.15696,-0.62784,10.04544,414.8952
473468,473.44,9.908392,0.0,-0.62784,9.88848,413.8964
473504,473.476,9.595123,0.0,-0.62784,9.57456,414.1368
473540,473.512,10.22291,-0.15696,-0.62784,10.2024,413.8303
473612,473.584,9.900929,0.15696,-0.47088,9.88848,414.1764
473649,473.62,9.900929,0.15696,-0.47088,9.88848,414.1764
473685,473.656,10.05647,0.0,-0.47088,10.04544,414.4168
473720,473.692,10.05647,0.0,-0.47088,10.04544,413.3521
473756,473.728,9.587417,0.15696,-0.47088,9.57456,414.7894
473831,473.8,11.81378,-2.82528,3.29616,10.9872,413.3521
473870,473.84,12.9898,0.0,-8.946721,9.417601,413.6585
473908,473.88,16.39913,0.0,1.5696,16.32384,413.3521
473944,473.916,15.43804,-3.924,-3.1392,14.59728,413.8303
474017,473.988,33.38713,1.09872,-4.08096,33.11856,414.2425
474053,474.024,13.0239,-6.43536,-8.161921,-7.848001,413.9359
474088,474.06,13.07205,-10.67328,-7.22016,2.19744,414.7339
474124,474.096,19.20885,-6.59232,-16.79472,6.59232,415.9018
474161,474.132,13.43361,-3.1392,-13.02768,0.94176,416.248
474233,474.204,14.57279,-2.82528,-13.49856,4.7088,416.6998
474269,474.24,15.39169,-3.76704,-14.44032,3.76704,416.6311
474304,474.276,15.42846,-4.7088,-13.96944,4.55184,416.4593
474341,474.312,10.75377,-1.5696,-9.88848,3.924,416.8028
474412,474.384,12.26399,1.5696,-11.45808,4.08096,416.9112
474448,474.42,12.01744,0.31392,-10.51632,5.80752,416.1925
474484,474.456,10.60381,-1.88352,-3.76704,9.731521,416.8451
474521,474.492,8.432128,-2.98224,-5.80752,5.33664,416.6047
474573,474.544,1.863797,-0.62784,-1.72656,0.31392,416.8821
474620,474.592,7.822847,-5.02272,-4.08096,4.39488,416.5359
474656,474.628,5.788399,-1.25568,0.0,5.65056,416.2982
474692,474.664,7.799191,-2.51136,0.31392,7.37712,416.2321
474730,474.7,6.845328,-1.09872,-0.31392,6.74928,417.4026
474804,474.776,7.818121,0.62784,1.25568,7.691041,417.5744
474842,474.812,7.311708,1.88352,-0.15696,7.0632,418.2931
474881,474.852,8.247499,2.82528,-0.94176,7.691041,416.9878
474917,474.888,11.83045,2.19744,-0.47088,11.61504,416.75
474988,474.96,8.912232,4.39488,-2.82528,7.22016,417.2679
475024,474.996,4.554546,0.0,-0.15696,4.55184,417.614
475061,475.032,2.593405,1.5696,-2.04048,0.31392,416.5492
475097,475.068,8.426282,3.61008,-1.88352,7.37712,416.8953
475132,475.104,8.163429,0.15696,-3.1392,7.53408,417.1358
475314,475.284,13.06262,-0.15696,0.94176,13.02768,417.4793
475352,475.324,10.59102,-1.5696,3.45312,9.88848,417.614
475388,475.36,12.58522,-0.31392,0.7848001,12.5568,417.4132
475425,475.396,13.20331,-0.31392,-0.62784,13.18464,416.8293
475498,475.468,13.12189,1.88352,1.72656,12.87072,417.2415
475536,475.508,15.82808,1.88352,-0.7848001,15.696,417.001
475572,475.544,15.7438,0.7848001,6.90624,14.1264,416.351
475608,475.58,8.246004,-0.31392,5.33664,6.2784,418.0658
475645,475.616,9.988874,0.15696,5.02272,8.632801,417.1754
475716,475.688,17.207,3.1392,-2.04048,16.79472,417.7594
475752,475.724,6.877643,2.51136,-1.25568,6.2784,417.4132
475788,475.76,7.165358,4.39488,3.1392,4.7088,417.1754
475824,475.796,7.370438,1.88352,-0.94176,7.0632,418.1055
475896,475.868,7.028234,2.82528,0.0,6.43536,417.3868
475932,475.904,11.13863,4.08096,-0.31392,10.35936,416.9086
475968,475.94,7.015954,3.61008,0.7848001,-5.96448,417.149
476005,475.976,20.0602,2.04048,2.66832,19.77696,417.0829
476041,476.012,12.84198,6.59232,2.04048,10.83024,418.4939
476112,476.084,6.816475,4.7088,0.7848001,4.86576,417.8413
476148,476.12,13.00876,7.37712,0.94176,10.67328,417.6008
476185,476.156,10.90279,6.59232,-0.94176,8.632801,417.2969
476221,476.192,10.12483,5.02272,-0.15696,8.789761,418.1874
476293,476.264,8.402859,3.76704,-1.41264,7.37712,418.2931
476328,476.3,8.439428,2.66832,0.15696,8.00496,418.0526
476365,476.336,6.924054,2.51136,-0.47088,6.43536,417.0961
476403,476.372,6.233111,1.88352,-1.25568,5.80752,417.5744
476440,476.412,8.824727,1.5696,0.94176,8.632801,417.3366
476513,476.484,9.091495,1.41264,-0.7848001,8.946721,417.6827
476549,476.52,9.727722,2.19744,-4.23792,8.475841,417.2045
476584,476.556,11.31964,2.82528,-5.33664,9.57456,417.4423
476620,476.592,11.62988,2.3544,-5.65056,9.88848,417.8571
476693,476.664,12.53716,2.82528,-5.33664,10.9872,418.1345
476728,476.7,12.65549,2.66832,-7.22016,10.04544,417.8967
476766,476.736,9.55911,0.47088,-4.39488,8.475841,418.6154
476804,476.776,8.719407,0.15696,-3.45312,8.00496,417.8967
476840,476.812,10.13942,0.7848001,-5.96448,8.161921,417.762
476912,476.884,8.140763,0.7848001,-4.23792,6.90624,418.0024
476949,476.92,5.569316,-0.47088,-3.924,3.924,417.5242
476984,476.956,6.335043,-0.31392,-4.55184,4.39488,417.2177
477020,476.992,7.509515,0.31392,-4.55184,5.96448,417.5242
477093,477.064,9.579705,-0.47088,-6.2784,7.22016,417.3921
477129,477.1,11.17507,-0.7848001,-5.96448,9.417601,417.6325
477164,477.136,9.024858,0.15696,-5.80752,6.90624,418.1742
477200,477.172,10.09071,-3.61008,-4.7088,8.161921,416.8715
477273,477.244,11.22346,-1.41264,-7.22016,8.475841,417.1516
477309,477.28,16.31328,-3.29616,-2.98224,15.696,417.1516
477344,477.316,11.5491,-2.3544,2.66832,10.9872,417.1516
477380,477.352,8.344015,-1.88352,1.41264,8.00496,416.6734
477416,477.388,11.04311,-1.09872,0.15696,10.9872,416.6073
477489,477.46,6.32726,-2.51136,0.0,5.80752,417.8439
477524,477.496,6.950688,-2.19744,0.15696,6.59232,417.91
477560,477.532,8.108925,-2.04048,0.0,7.848001,417.8439
477597,477.568,7.09973,-2.19744,-0.15696,6.74928,417.3022
477669,477.64,6.551083,-0.94176,0.7848001,6.43536,417.0618
477704,477.676,16.52633,0.7848001,-0.94176,16.4808,417.7145
477740,477.712,16.99088,1.5696,-2.04048,16.79472,417.5823
477777,477.748,8.540991,-0.47088,-0.94176,8.475841,417.4079
477815,477.784,11.46883,0.47088,-0.15696,11.45808,417.5823
477888,477.86,15.26794,0.31392,-1.09872,15.22512,418.1002
477924,477.896,11.13642,-3.61008,5.02272,9.260641,417.3181
477960,477.932,12.98696,-2.98224,5.33664,11.45808,418.0368
477997,477.968,13.19958,0.0,-0.62784,13.18464,417.902
478068,478.04,7.555305,-0.47088,0.31392,7.53408,418.013
478104,478.076,7.548781,0.47088,0.0,7.53408,417.7065
478140,478.112,8.803763,0.47088,-0.15696,8.789761,418.5996
478177,478.148,7.794451,1.25568,-0.15696,7.691041,417.5321
478213,478.184,6.129485,1.41264,0.0,5.96448,418.5996
478284,478.256,9.797121,1.5696,-2.19744,9.417601,418.2271
478321,478.292,9.868528,0.94176,-2.19744,9.57456,417.0301
478356,478.328,11.61928,0.0,-0.31392,11.61504,417.9866
478393,478.364,9.723923,0.94176,1.41264,9.57456,417.2679
478585,478.556,7.85898,4.86576,0.7848001,6.12144,417.5268
478620,478.592,8.671241,4.7088,-0.94176,7.22016,417.5268
478656,478.628,11.86373,3.61008,0.0,11.30112,417.4634
478692,478.664,8.38378,1.5696,1.09872,8.161921,417.7012
478728,478.7,7.168795,0.94176,0.7848001,7.0632,416.9826
478801,478.772,8.960479,0.47088,0.15696,8.946721,418.2851
478836,478.808,6.830917,0.94176,-0.47088,6.74928,418.766
478873,478.844,9.873521,1.25568,1.09872,9.731521,417.9152
478908,478.88,9.443725,2.51136,0.0,9.103681,417.1992
478981,478.952,8.990671,2.98224,-0.31392,8.475841,418.6101
479016,478.988,10.17338,3.76704,-0.7848001,9.417601,417.5453
479052,479.024,13.07016,4.23792,-1.72656,12.24288,418.264
479088,479.06,13.76603,2.19744,-1.5696,13.49856,417.8915
479124,479.096,9.669297,1.09872,-0.7848001,9.57456,417.3075
479196,479.168,14.41556,2.3544,2.66832,13.96944,417.8703
479232,479.204,11.77723,4.23792,-0.15696,10.9872,417.5242
479268,479.24,11.58637,4.7088,2.82528,10.2024,417.5664
479305,479.276,11.67534,4.7088,1.88352,10.51632,418.3908
479376,479.348,6.794755,1.25568,2.66832,6.12144,417.9787
479414,479.384,5.564891,1.5696,0.15696,5.33664,418.3274
479453,479.424,4.666757,2.51136,-3.45312,1.88352,417.8492
479489,479.46,6.605388,1.41264,-0.47088,6.43536,418.087
479525,479.496,10.14307,1.25568,-0.62784,10.04544,417.3049
479596,479.568,13.40883,-0.47088,1.25568,13.3416,417.7831
479633,479.604,6.830917,0.47088,3.29616,5.96448,417.9575
479670,479.64,12.67592,5.4936,-2.51136,11.14416,418.1742
479708,479.68,14.56433,8.632801,-2.51136,11.45808,417.8254
479780,479.752,14.49566,5.96448,2.19744,13.02768,418.1742
479817,479.788,13.47481,5.80752,2.3544,11.92896,417.0433
479853,479.824,8.499062,5.02272,1.88352,6.59232,417.4555
479889,479.86,8.420433,3.29616,-0.94176,7.691041,417.5664
479961,479.932,7.568338,3.924,1.5696,6.2784,418.0421
479997,479.968,8.229556,3.29616,0.31392,7.53408,417.9126
480033,480.004,8.674082,3.45312,2.04048,7.691041,416.9561
480068,480.04,8.158901,3.45312,-0.47088,7.37712,417.4978
480104,480.076,9.709977,5.17968,-3.61008,7.37712,416.7817
480177,480.148,11.96402,3.924,-1.88352,11.14416,418.2614
480212,480.184,9.819728,2.66832,-0.7848001,9.417601,417.3049
480248,480.22,9.981472,4.08096,0.31392,9.103681,418.1953
480284,480.256,10.76178,5.96448,-1.72656,8.789761,417.651
480356,480.328,12.99454,5.80752,-0.47088,11.61504,418.7185
480393,480.364,8.582713,4.86576,0.31392,7.0632,418.2403
480427,480.4,13.41985,5.4936,0.15696,12.24288,418.1293
480464,480.436,10.74804,4.55184,-0.31392,9.731521,418.7185
480500,480.472,9.890972,3.29616,1.09872,9.260641,418.7185
480573,480.544,11.0286,4.55184,0.0,10.04544,417.3921
480607,480.58,11.22566,3.924,-0.15696,10.51632,417.8703
480644,480.616,7.185957,1.88352,0.62784,6.90624,418.523
480680,480.652,5.52936,1.09872,0.94176,5.33664,418.0447
480753,480.724,4.431168,0.47088,0.31392,4.39488,418.087
480788,480.76,6.387328,2.19744,0.62784,5.96448,418.087
480824,480.796,11.34572,2.82528,0.15696,10.9872,418.4384
480862,480.832,11.27275,2.98224,-0.94176,10.83024,416.6523
480900,480.872,13.61849,5.96448,-4.7088,11.30112,417.4793
480973,480.944,13.31572,5.4936,-2.19744,11.92896,417.828
481008,480.98,13.72839,6.74928,-0.7848001,11.92896,416.9799
481045,481.016,14.03015,7.0632,-0.94176,12.08592,418.1768
481080,481.052,12.86115,3.61008,2.51136,12.08592,418.1768
481153,481.124,7.517713,5.33664,1.09872,5.17968,417.0908
481188,481.16,10.39379,4.7088,-0.31392,9.260641,417.4396
481225,481.196,11.19819,3.29616,0.7848001,10.67328,416.787
481260,481.232,7.331898,2.82528,0.47088,6.74928,418.0923
481296,481.268,8.373489,3.29616,0.31392,7.691041,418.0923
481368,481.34,6.299945,2.98224,-0.7848001,5.4936,417.9628
481404,481.376,6.596056,2.98224,-0.94176,5.80752,417.7884
481441,481.412,7.556935,2.66832,-0.31392,7.0632,417.6589
481477,481.448,12.12357,3.29616,-1.09872,11.61504,417.1807
481548,481.52,11.76572,5.80752,-3.61008,9.57456,417.9417
481584,481.556,10.31408,6.12144,-2.19744,8.00496,417.5744
481620,481.592,14.00819,6.90624,-1.5696,12.08592,417.0512
481657,481.628,13.83921,6.43536,-0.47088,12.24288,418.0526
481693,481.664,11.83358,4.39488,0.0,10.9872,418.2905
481872,481.844,14.00819,4.7088,-0.47088,13.18464,418.3803
481908,481.88,12.2177,4.23792,-2.66832,11.14416,417.4898
481944,481.916,4.573439,2.04048,0.31392,4.08096,418.3803
481980,481.952,4.85816,2.3544,-0.31392,4.23792,418.1425
482053,482.024,5.724201,0.62784,2.3544,5.17968,417.3577
482089,482.06,7.899627,2.82528,0.0,7.37712,417.2969
482124,482.096,13.2796,5.33664,-4.86576,11.14416,418.013
482161,482.132,9.864783,5.4936,-2.3544,7.848001,417.8386
482198,482.168,11.19819,6.2784,-0.47088,9.260641,417.8835
482269,482.24,12.68466,6.43536,2.98224,10.51632,418.4067
482304,482.276,12.23282,4.39488,3.61008,10.83024,418.235
482341,482.312,8.903936,4.55184,3.29616,6.90624,417.6907
482379,482.348,9.863534,5.02272,2.82528,8.00496,418.1689
482453,482.424,8.12865,4.86576,1.72656,6.2784,417.3207
482488,482.46,7.23039,3.76704,0.7848001,6.12144,417.5612
482524,482.496,9.638673,4.55184,-1.72656,8.31888,417.976
482561,482.532,9.371709,4.7088,-2.98224,7.53408,417.2573
482597,482.568,8.585584,1.88352,1.88352,8.161921,417.5427
482668,482.64,8.207072,0.47088,2.3544,7.848001,417.7171
482704,482.676,11.375,1.25568,-0.31392,11.30112,417.7646
482741,482.712,12.43654,2.04048,0.7848001,12.24288,418.0658
482777,482.748,11.78037,4.08096,-2.19744,10.83024,418.1795
482848,482.82,13.19398,3.29616,-1.25568,12.71376,417.6352
482884,482.856,12.3001,2.19744,-0.62784,12.08592,417.4608
482921,482.892,15.30662,1.5696,0.15696,15.22512,417.8096
482957,482.928,10.84161,0.47088,-0.15696,10.83024,417.939
482993,482.964,10.58404,0.47088,-1.09872,10.51632,417.2679
483064,483.036,12.80836,1.09872,-1.09872,12.71376,418.3327
483101,483.072,8.953603,0.31392,-0.15696,8.946721,418.4622
483139,483.108,7.304966,0.7848001,-0.7848001,7.22016,418.2693
483184,483.156,4.272658,0.15696,1.25568,4.08096,417.4898
483257,483.228,5.991269,-1.88352,-3.61008,4.39488,417.4238
483293,483.264,9.546214,-0.47088,-5.17968,8.00496,417.6642
483328,483.3,3.015103,-1.5696,-2.04048,1.5696,418.0315
483364,483.336,11.08765,-2.3544,-6.74928,8.475841,417.075
483436,483.408,9.382218,-1.25568,-3.45312,8.632801,417.186
483472,483.444,8.38378,-1.09872,-1.5696,8.161921,417.6167
483509,483.48,14.98537,-0.7848001,-3.29616,14.59728,416.9006
483544,483.516,15.32351,-1.72656,-0.15696,15.22512,415.5504
483580,483.552,9.731521,0.0,0.0,9.731521,416.2031
483653,483.624,8.566911,0.15696,-2.04048,8.31888,416.4409
483689,483.66,9.890971,-1.41264,-2.04048,9.57456,416.2031
483724,483.696,8.803763,-1.41264,-2.51136,8.31888,416.026
483760,483.732,17.63898,3.76704,-5.96448,16.16688,416.026
483833,483.804,9.424138,-6.2784,-2.82528,6.43536,417.3498
483870,483.84,8.679761,-5.65056,-1.41264,6.43536,415.6297
483908,483.88,7.711833,-5.4936,-2.66832,4.7088,416.174
483945,483.917,10.16854,-5.33664,-0.62784,8.632801,416.063
483980,483.952,9.763114,-8.00496,4.39488,3.45312,416.1264
484053,484.024,11.75944,-9.260641,-2.19744,6.90624,414.7102
484088,484.06,12.64576,-9.88848,-4.55184,6.43536,416.2744
484124,484.096,12.03894,-11.14416,0.15696,4.55184,416.5148
484160,484.132,10.27579,-9.88848,-1.72656,2.19744,416.3404
484233,484.204,4.661474,-4.55184,0.7848001,-0.62784,415.8173
484268,484.24,10.62354,-7.691041,-5.02272,-5.33664,416.7711
484304,484.276,11.96402,-9.417601,-6.43536,-3.61008,416.4039
484340,484.312,5.929266,-5.4936,-1.41264,-1.72656,417.2309
484415,484.384,6.607252,-4.08096,-2.19744,-4.7088,418.3882
484453,484.424,8.719407,-5.80752,-2.19744,-6.12144,418.3248
484488,484.46,7.961757,-4.23792,-3.1392,-5.96448,418.9775
484524,484.496,7.496381,-4.7088,-2.3544,-5.33664,419.1069
484561,484.532,10.50812,-3.29616,-3.29616,-9.417601,419.0409
484633,484.604,12.04815,-6.2784,-2.19744,-10.04544,419.6301
484668,484.64,11.98357,-7.37712,-2.51136,-9.103681,418.6286
484704,484.676,13.96238,-9.88848,-1.5696,-9.731521,418.7555
484740,484.712,13.69156,-8.946721,0.31392,-10.35936,418.996
484812,484.784,9.388781,-8.31888,-1.88352,-3.924,419.3447
484848,484.82,9.260641,-6.59232,-0.94176,-6.43536,418.6286
484885,484.856,7.857412,-5.65056,-1.72656,-5.17968,418.4543
484921,484.892,8.87067,-5.80752,-1.88352,-6.43536,418.996
485113,485.084,9.610517,-5.33664,-2.66832,-7.53408,418.9775
485149,485.12,9.879757,-5.80752,-2.66832,-7.53408,418.737
485184,485.156,9.808431,-5.65056,-3.1392,-7.37712,419.564
485220,485.192,12.56465,-8.475841,-3.76704,-8.475841,417.91
485256,485.228,11.8523,-10.51632,-4.23792,-3.45312,417.149
485331,485.3,12.07776,-10.04544,-3.61008,-5.65056,418.2773
485368,485.34,14.329,-13.02768,-4.86576,-3.45312,418.2773
485404,485.376,10.30452,-8.632801,-2.82528,-4.86576,418.5177
485442,485.412,9.365135,-7.848001,-3.76704,-3.45312,418.2773
485517,485.488,8.240026,-6.90624,-4.08096,-1.88352,418.0394
485553,485.524,8.40579,-6.90624,-4.08096,-2.51136,417.9285
485589,485.56,7.792871,-6.2784,-3.76704,-2.66832,417.3868
485624,485.596,8.344015,-5.65056,-6.12144,0.47088,418.2773
485697,485.668,9.345384,-4.55184,-8.161921,0.0,418.5626
485733,485.704,8.272849,-3.1392,-7.37712,-2.04048,418.2588
485768,485.74,9.918332,-3.1392,-8.31888,-4.39488,419.1518
485804,485.776,12.16314,-2.51136,-7.848001,-8.946721,418.5441
485841,485.812,9.887235,-2.51136,-8.789761,-3.76704,419.1333
485912,485.884,12.73602,-2.82528,-11.61504,-4.39488,420.5787
485948,485.92,12.57542,-2.98224,-11.45808,-4.23792,420.3382
485984,485.956,10.67674,-4.23792,-8.31888,-5.17968,419.7516
486021,485.992,10.1297,-3.76704,-7.848001,-5.17968,420.8825
486092,486.064,7.983388,-0.47088,-6.74928,-4.23792,420.9459
486128,486.1,7.896508,-1.09872,-6.12144,-4.86576,420.1163
486164,486.136,8.155882,-1.5696,-5.96448,-5.33664,420.5945
486201,486.172,7.954018,-1.5696,-5.96448,-5.02272,419.6406
486273,486.244,8.145302,-0.31392,-6.2784,-5.17968,420.5945
486308,486.28,8.798165,-0.47088,-6.59232,-5.80752,421.2498
486344,486.316,8.774331,-1.41264,-6.2784,-5.96448,421.7915
486380,486.352,9.44894,-1.25568,-7.22016,-5.96448,421.2022
486452,486.424,11.24211,-2.04048,-8.632801,-6.90624,421.2022
486488,486.46,11.27274,-2.82528,-8.31888,-7.0632,421.0913
486525,486.496,12.78718,-1.72656,-8.475841,-9.417601,420.4386
486569,486.54,12.40977,-2.04048,-8.00496,-9.260641,421.1547
486606,486.576,11.50636,-2.82528,-7.0632,-8.632801,420.9829
486680,486.652,11.13974,-3.45312,-6.74928,-8.161921,421.2842
486717,486.688,9.843533,-4.23792,-4.7088,-7.53408,420.6315
486752,486.724,10.29375,-3.29616,-5.33664,-8.161921,420.8719
486789,486.76,9.106386,-2.66832,-4.86576,-7.22016,420.9353
486860,486.832,7.407116,-1.09872,-5.17968,-5.17968,420.9829
486899,486.868,7.529174,-0.62784,-4.55184,-5.96448,420.6315
486937,486.908,7.458491,-1.72656,-4.55184,-5.65056,420.5205
486973,486.944,8.031078,-1.88352,-3.924,-6.74928,421.2392
487044,487.016,8.908086,-0.94176,-4.39488,-7.691041,420.1717
487080,487.052,10.68827,-2.19744,-4.55184,-9.417601,420.9988
487117,487.088,11.73847,-1.88352,-6.74928,-9.417601,420.8059
487153,487.124,11.45378,-0.31392,-6.2784,-9.57456,420.9988
487224,487.196,10.4151,0.47088,-5.80752,-8.632801,421.9553
487260,487.232,9.948095,-0.62784,-6.2784,-7.691041,419.823
487297,487.268,8.710927,-0.94176,-5.96448,-6.2784,419.9339
487333,487.304,8.231052,0.31392,-6.12144,-5.4936,415.1065
487368,487.34,9.507424,0.62784,-5.96448,-7.37712,416.3669
487440,487.412,8.800964,0.31392,-5.02272,-7.22016,421.6144
487477,487.448,7.362077,0.31392,-4.7088,-5.65056,416.6734
487513,487.484,8.968722,0.0,-4.86576,-7.53408,417.7911
487548,487.52,7.770709,0.15696,-5.4936,-5.4936,420.4492
487621,487.592,8.504858,0.62784,-5.33664,-6.59232,423.0175
487657,487.628,10.1758,0.7848001,-5.80752,-8.31888,422.4837
487692,487.664,10.00366,-0.31392,-7.37712,-6.74928,421.7888
487728,487.7,10.46112,-2.66832,-6.74928,-7.53408,421.0384
487764,487.736,11.46883,-2.66832,-7.0632,-8.632801,421.8047
487836,487.808,13.08806,-2.51136,-6.90624,-10.83024,421.7968
487873,487.844,10.67559,-4.23792,-5.65056,-8.00496,420.8825
487910,487.88,11.64152,-3.45312,-5.65056,-9.57456,421.4427
487948,487.92,10.84388,-4.08096,-4.86576,-8.789761,421.2445
488020,487.992,9.717587,-3.1392,-4.23792,-8.161921,421.5246
488057,488.028,8.104367,-2.98224,-4.39488,-6.12144,420.8746
488093,488.064,6.778419,-2.19744,-2.3544,-5.96448,421.3132
488128,488.1,8.679761,-2.3544,-3.61008,-7.53408,420.5232
488308,488.28,9.900929,-4.23792,-7.0632,-5.4936,419.815
488344,488.316,12.49682,-6.43536,-6.74928,-8.31888,419.9841
488381,488.352,11.72377,-7.0632,-8.632801,-3.61008,419.5667
488417,488.388,11.15742,-4.7088,-6.74928,-7.53408,419.9392
488454,488.424,11.18498,-5.33664,-6.12144,-7.691041,420.0687
488528,488.5,10.59102,-3.76704,-2.51136,-9.57456,421.9156
488565,488.536,9.26596,-3.45312,-3.1392,-8.00496,421.7386
488601,488.572,9.883496,-3.29616,-5.02272,-7.848001,421.5299
488635,488.608,10.23254,-2.98224,-2.66832,-9.417601,421.6646
488708,488.68,7.887143,-0.62784,-3.45312,-7.0632,421.5933
488745,488.716,7.233796,-0.94176,-2.82528,-6.59232,421.5933
488780,488.752,8.914997,-1.41264,-3.29616,-8.161921,421.728
488816,488.788,9.373023,-1.5696,-3.29616,-8.632801,420.938
488888,488.86,8.669821,-0.47088,-3.29616,-8.00496,421.6884
488924,488.896,9.521666,-0.62784,-1.25568,-9.417601,421.4823
488961,488.932,8.467116,-1.72656,-2.66832,-7.848001,421.0358
488996,488.968,9.711246,-4.39488,-6.2784,-5.96448,420.8297
489068,489.04,11.69326,-7.22016,-5.4936,-7.37712,420.5892
489105,489.076,13.27867,-8.161921,-9.103681,-5.17968,420.1083
489142,489.112,14.32642,-9.57456,-7.37712,-7.691041,419.4583
489176,489.148,11.15521,-9.260641,-4.23792,-4.55184,419.0461
489213,489.184,10.68251,-8.161921,-3.45312,-5.96448,418.9801
489285,489.256,11.85542,-10.2024,-5.96448,0.94176,418.2931
489321,489.292,9.493161,-8.161921,-4.23792,-2.3544,418.4649
489356,489.328,10.25539,-9.731521,-3.1392,-0.7848001,418.2588
489392,489.364,9.403201,-8.475841,-1.88352,3.61008,417.9496
489465,489.436,10.41628,-9.103681,-5.02272,0.62784,419.4266
489501,489.472,7.148146,-6.74928,-1.88352,-1.41264,418.9827
489537,489.508,7.542251,-6.43536,-1.88352,-3.45312,418.5045
489572,489.544,10.36174,-9.88848,-2.66832,-1.5696,418.4331
489645,489.616,10.11631,-10.04544,-0.47088,1.09872,418.6049
489680,489.652,12.1682,-11.92896,-0.47088,2.3544,419.1888
489717,489.688,13.59132,-13.18464,-0.15696,3.29616,419.2945
489753,489.724,13.06262,-12.71376,-2.19744,-2.04048,419.0884
489804,489.776,10.62006,-10.51632,-1.25568,-0.7848001,418.885
489853,489.824,9.224656,-8.946721,0.47088,-2.19744,419.8124
489888,489.86,8.488911,-8.475841,-0.47088,0.0,419.8124
489927,489.896,6.344758,-6.2784,-0.7848001,-0.47088,423.5803
489964,489.936,8.8526,-8.475841,-0.47088,-2.51136,424.5051
490037,490.008,5.547154,-4.23792,-2.19744,-2.82528,431.6339
490072,490.044,6.838126,-4.86576,-3.76704,-2.98224,431.4622
490108,490.08,7.264383,-5.96448,-2.04048,-3.61008,429.6152
490144,490.116,7.582972,-6.43536,-2.04048,-3.45312,428.8094
490216,490.188,8.674082,-7.691041,-2.04048,-3.45312,425.6941
490253,490.224,8.993411,-7.691041,-3.29616,-3.29616,421.9156
490288,490.26,9.490566,-8.475841,-1.25568,-4.08096,420.5549
490324,490.296,9.251325,-8.632801,-1.09872,-3.1392,420.5866
490397,490.368,10.78922,-9.417601,0.94176,-5.17968,419.564
490433,490.404,10.71935,-9.103681,3.1392,-4.7088,419.7014
490468,490.44,11.99795,-11.14416,3.29616,-2.98224,420.1321
490504,490.476,11.62034,-9.260641,6.2784,-3.1392,419.3843
490540,490.512,12.21669,-10.83024,5.65056,0.15696,418.6551
490613,490.584,10.06015,-6.59232,4.7088,5.96448,419.2866
490648,490.62,8.60994,-6.90624,1.09872,5.02272,419.2496
490684,490.656,9.452849,-5.80752,1.09872,7.37712,418.9167
490720,490.692,10.90392,-4.86576,-4.23792,8.789761,417.9311
490793,490.764,8.830308,-5.4936,0.31392,6.90624,417.9496
490829,490.8,13.2666,-7.53408,3.45312,10.35936,418.449
490864,490.836,8.996151,-6.2784,0.31392,6.43536,417.7462
490900,490.872,10.55607,-5.4936,1.09872,8.946721,417.9311
490937,490.908,11.01967,-5.96448,0.31392,9.260641,417.7065
491009,490.98,9.211293,-4.08096,-1.25568,8.161921,417.6933
491044,491.016,12.60478,-3.61008,-1.88352,11.92896,418.0447
491080,491.052,13.90669,-2.3544,-3.1392,13.3416,417.4344
491116,491.088,10.62702,-2.19744,-5.02272,9.103681,417.8624
491189,491.16,9.764376,-2.3544,-4.23792,8.475841,418.3512
491224,491.196,13.51862,-1.72656,-6.12144,11.92896,418.1504
491260,491.232,9.547503,-1.5696,-5.65056,7.53408,418.0262
491297,491.268,10.30093,-0.7848001,-6.43536,8.00496,417.1992
491491,491.46,8.725057,-6.43536,-3.924,4.39488,417.1992
491529,491.5,9.773203,-7.53408,-3.45312,5.17968,417.4846
491564,491.536,12.484,-6.59232,-4.55184,9.57456,417.363
491600,491.572,13.26846,-7.37712,-4.55184,10.04544,418.1319
491636,491.608,10.19757,-8.00496,-2.82528,5.65056,417.4344
491709,491.68,8.757468,-8.161921,-0.47088,3.1392,417.696
491746,491.716,9.464571,-6.2784,-1.5696,6.90624,417.503
491784,491.756,9.441115,-6.90624,-0.15696,6.43536,417.2151
491820,491.792,9.056198,-7.53408,0.15696,5.02272,416.7579
491893,491.864,7.035241,-5.80752,-1.25568,3.76704,416.9772
491930,491.9,8.723644,-5.33664,-2.04048,6.59232,416.9297
491968,491.94,6.315568,-5.80752,-0.7848001,2.3544,417.873
492005,491.976,6.596056,-4.23792,-2.19744,4.55184,417.7277
492040,492.012,9.455457,-5.33664,-2.04048,7.53408,418.1636
492113,492.084,9.219314,-0.7848001,-5.02272,7.691041,417.1807
492156,492.128,11.76363,0.47088,-6.59232,9.731521,417.0644
492192,492.164,15.69129,-1.09872,-5.65056,14.59728,416.9218
492228,492.2,10.19515,0.47088,-4.86576,8.946721,416.7077
492300,492.272,10.04789,2.66832,-7.37712,6.2784,417.2679
492336,492.308,11.39772,3.45312,-8.632801,6.59232,417.3921
492372,492.344,10.64555,4.39488,-8.475841,4.7088,417.6616
492408,492.38,11.34464,5.33664,-7.53408,6.59232,416.4858
492481,492.452,11.45486,6.43536,-8.475841,4.23792,417.3604
492516,492.488,9.083361,5.17968,-7.22016,1.88352,416.8795
492552,492.524,10.84956,6.90624,-7.691041,3.29616,417.4159
492589,492.56,9.203265,7.0632,-5.17968,2.82528,416.4541
492625,492.596,8.719407,4.55184,-7.37712,0.94176,416.4805
492696,492.668,7.428703,3.76704,-6.2784,1.25568,416.5122
492732,492.704,9.239333,6.74928,-6.2784,0.62784,416.0313
492768,492.74,8.533776,5.33664,-6.59232,-0.94176,416.6813
492805,492.776,8.835886,5.80752,-6.59232,-0.94176,416.5122
492876,492.848,10.65133,6.2784,-8.31888,-2.19744,416.8504
492912,492.884,11.37933,6.59232,-8.475841,-3.76704,415.5504
492950,492.92,10.49756,6.43536,-7.22016,-4.08096,416.8213
492989,492.96,12.26399,7.22016,-9.103681,-3.924,416.4805
493024,492.996,11.25525,7.848001,-6.43536,-4.86576,416.3404
493096,493.068,11.30657,7.691041,-5.02272,-6.59232,417.0195
493133,493.104,9.913363,7.848001,-3.1392,-5.17968,417.4026
493169,493.14,9.26596,7.848001,-1.88352,-4.55184,417.474
493205,493.176,9.6591,8.00496,-2.3544,-4.86576,417.3313
493276,493.248,7.998802,4.08096,-5.65056,-3.924,416.9191
493313,493.284,6.274476,5.33664,-1.41264,-2.98224,417.1622
493349,493.32,10.90166,8.161921,-4.08096,-5.96448,416.7526
493385,493.356,8.719407,5.80752,-6.43536,-0.94176,416.7526
493456,493.428,10.22652,8.632801,-2.19744,-5.02272,417.0195
493493,493.464,11.28039,9.417601,-2.19744,-5.80752,417.6695
493529,493.5,10.7067,8.475841,-3.29616,-5.65056,417.26
493565,493.536,12.10222,8.789761,0.0,-8.31888,418.1795
493600,493.572,8.927423,7.0632,-1.72656,-5.17968,417.8677
493673,493.644,8.924664,3.61008,3.1392,-7.53408,418.4781
493709,493.68,13.91466,4.86576,-0.47088,-13.02768,420.6289
493745,493.716,11.05538,3.76704,2.66832,-10.04544,421.0675
493780,493.752,11.56189,2.98224,3.29616,-10.67328,420.6553
493853,493.824,10.50929,2.66832,2.3544,-9.88848,420.827
493889,493.86,10.46936,3.45312,3.45312,-9.260641,420.4148
493924,493.896,10.43637,2.19744,2.51136,-9.88848,420.7557
493960,493.932,8.122585,3.29616,1.72656,-7.22016,421.0675
493996,493.968,8.803762,3.76704,2.98224,-7.37712,420.9248
494068,494.04,9.224656,4.23792,2.82528,-7.691041,420.6447
494105,494.076,8.578406,2.3544,2.98224,-7.691041,420.9459
494140,494.112,12.43654,3.45312,2.04048,-11.772,421.3845
494177,494.148,19.53569,3.924,2.3544,-18.99216,422.0953
494249,494.22,11.46345,-0.31392,0.15696,-11.45808,422.0557
494285,494.256,12.43654,-0.15696,0.94176,-12.39984,421.7756
494320,494.292,12.34009,-0.62784,1.41264,-12.24288,421.6038
494356,494.328,12.50667,-1.72656,1.88352,-12.24288,421.3951
494431,494.4,14.22979,-0.7848001,3.924,-13.65552,421.4638
494470,494.44,10.28178,-1.41264,4.23792,-9.260641,421.8073
494508,494.48,11.0286,0.0,4.55184,-10.04544,421.5642
494544,494.516,12.70795,-0.15696,3.924,-12.08592,420.605
494580,494.552,8.035678,1.25568,3.29616,-7.22016,421.4955
494760,494.732,11.17176,-2.98224,7.691041,-7.53408,421.411
494797,494.768,11.79917,-4.55184,7.37712,-8.00496,422.1323
494833,494.804,8.621377,-3.45312,7.37712,-2.82528,422.5419
494868,494.84,11.4527,-5.96448,7.22016,-6.59232,420.9301
494940,494.912,10.91973,-4.7088,5.02272,-8.475841,422.4018
494977,494.948,12.86689,-5.02272,6.2784,-10.04544,420.4492
495015,494.984,10.89375,-5.02272,8.161921,-5.17968,420.4175
495052,495.024,13.42719,-7.22016,8.00496,-8.00496,420.177
495088,495.06,7.35873,-3.45312,5.17968,-3.924,419.4583
495161,495.132,10.08705,-7.37712,5.65056,-3.924,420.2854
495196,495.168,9.899685,-7.37712,6.2784,-2.04048,419.2232
495232,495.204,10.78579,-6.43536,8.632801,-0.62784,419.7358
495268,495.24,10.80861,-4.7088,9.260641,-2.98224,418.6736
495340,495.312,9.861036,-5.80752,6.74928,-4.23792,417.9523
495377,495.348,9.409749,-6.43536,6.74928,-1.25568,417.3419
495413,495.384,13.91023,-7.37712,2.04048,-11.61504,416.7606
495448,495.42,9.998734,-5.4936,7.53408,3.61008,416.0419
495521,495.492,10.85183,-6.59232,7.22016,4.7088,416.7209
495557,495.528,10.19757,-5.96448,6.90624,4.55184,416.7526
495593,495.564,10.48465,-4.7088,8.00496,4.86576,416.5835
495628,495.6,12.43654,-3.61008,8.946721,7.848001,416.684
495664,495.636,12.55091,-3.29616,8.946721,8.161921,415.9335
495738,495.708,11.23553,-5.02272,7.848001,6.2784,417.1252
495775,495.748,10.07238,-2.98224,8.00496,5.33664,416.2665
495812,495.784,11.50207,-4.86576,6.2784,8.31888,416.2665
495848,495.82,6.139524,-4.39488,1.72656,3.924,416.2665
495921,495.892,9.616923,-5.80752,7.53408,1.41264,415.9864
495959,495.928,11.64152,-7.22016,8.31888,3.76704,415.5055
495996,495.968,11.43656,-4.7088,8.31888,6.2784,415.7116
496032,496.004,11.6161,-5.17968,9.103681,5.02272,415.1277
496068,496.04,12.51159,-5.02272,11.14416,2.66832,414.8899
496141,496.112,12.25997,-3.76704,11.45808,-2.19744,415.6403
496176,496.148,18.21953,-2.66832,9.88848,15.06816,415.812
496212,496.184,8.97147,-0.47088,8.946721,-0.47088,416.2929
496249,496.22,7.247406,-3.1392,5.33664,-3.76704,416.2929
496321,496.292,11.01631,-0.7848001,10.9872,-0.15696,416.0207
496356,496.328,7.393799,0.15696,7.37712,-0.47088,416.499
496392,496.364,6.469724,2.04048,6.12144,-0.47088,416.0894
496428,496.4,8.659869,3.76704,5.96448,-5.02272,416.5703
496464,496.436,12.88602,7.53408,7.848001,-6.90624,415.9177
496536,496.508,12.03792,2.3544,9.57456,-6.90624,415.6482
496572,496.544,12.01334,3.29616,9.260641,-6.90624,415.3047
496608,496.58,12.87168,2.3544,8.789761,-9.103681,416.2665
496645,496.616,10.59218,0.47088,8.946721,-5.65056,415.7856
496716,496.688,11.3685,-1.09872,10.35936,-4.55184,415.6852
496752,496.724,10.92085,-0.15696,10.35936,-3.45312,416.8848
496788,496.76,12.21669,0.15696,10.83024,-5.65056,416.3034
496825,496.796,9.382218,1.09872,7.848001,-5.02272,416.063
496896,496.868,11.24868,-0.62784,10.04544,-5.02272,416.5439
496932,496.904,10.47171,-0.15696,10.2024,-2.3544,416.063
496968,496.94,11.10541,-0.7848001,10.35936,-3.924,415.8252
497005,496.976,8.571223,0.7848001,7.22016,-4.55184,416.2031
497040,497.012,8.931562,0.47088,7.848001,-4.23792,416.0313
497112,497.084,9.903419,-0.62784,9.260641,-3.45312,416.1026
497148,497.12,11.65104,0.7848001,9.57456,-6.59232,415.6931
497187,497.156,10.63976,0.7848001,9.260641,-5.17968,415.5213
497226,497.196,11.35766,0.94176,9.417601,-6.2784,416.0709
497300,497.272,12.56563,-0.47088,10.04544,-7.53408,416.7209
497337,497.308,11.02302,0.94176,9.417601,-5.65056,415.4896
497373,497.344,10.86658,0.62784,9.260641,-5.65056,415.4896
497412,497.38,11.25196,1.41264,9.88848,-5.17968,416.5201
497485,497.456,10.41273,0.31392,9.57456,-4.08096,416.2506
497520,497.492,11.92173,1.5696,10.2024,-5.96448,416.7315
497557,497.528,10.95914,1.72656,10.2024,-3.61008,416.0789
497594,497.564,10.98384,1.88352,9.88848,-4.39488,415.9784
497632,497.604,10.2217,0.94176,9.731521,-2.98224,415.738
497705,497.676,9.597691,1.09872,8.946721,-3.29616,416.388
497741,497.712,11.01519,2.04048,10.35936,-3.1392,415.3972
497777,497.748,10.93438,1.5696,9.88848,-4.39488,415.8781
497812,497.784,11.17176,2.51136,9.88848,-4.55184,416.4303
498004,497.976,10.11631,1.72656,8.946721,-4.39488,415.8886
498040,498.012,10.46583,1.09872,9.57456,-4.08096,416.2982
498077,498.048,8.914996,1.09872,8.00496,-3.76704,416.2665
498113,498.084,10.53154,1.72656,9.260641,-4.7088,416.2665
498149,498.12,11.39015,1.41264,10.04544,-5.17968,416.026
498220,498.192,10.12118,0.47088,8.946721,-4.7088,416.0974
498257,498.228,9.661651,1.25568,9.103681,-2.98224,416.0974
498292,498.264,10.06137,0.7848001,9.417601,-3.45312,416.8187
498329,498.3,11.59169,0.47088,10.35936,-5.17968,416.6787
498401,498.372,9.21263,0.0,9.103681,1.41264,416.2374
498437,498.408,10.7572,0.7848001,10.04544,-3.76704,416.0974
498473,498.444,10.47171,0.15696,10.2024,-2.3544,416.4092
498508,498.48,10.83479,0.47088,10.35936,-3.1392,416.7183
498581,498.552,9.999967,1.09872,9.260641,-3.61008,416.2374
498617,498.588,10.03317,-0.31392,9.57456,-2.98224,416.5465
498655,498.624,10.23615,-0.47088,9.731521,-3.1392,416.3087
498693,498.664,10.11997,0.7848001,10.04544,-0.94176,416.6496
498728,498.7,12.09,0.62784,10.83024,-5.33664,416.9587
498801,498.772,10.44344,1.41264,9.57456,-3.924,416.7896
498837,498.808,10.10657,-0.7848001,9.57456,-3.1392,416.2083
498872,498.844,10.65133,-0.7848001,10.04544,-3.45312,415.8701
498908,498.88,10.70785,-0.47088,9.88848,-4.08096,416.898
498981,498.952,10.22652,-0.15696,9.731521,-3.1392,416.3193
499021,498.988,10.76292,-0.94176,10.2024,-3.29616,415.6984
499057,499.028,10.55024,0.31392,10.2024,-2.66832,415.6667
499092,499.064,10.96925,0.31392,10.67328,-2.51136,415.4975
499128,499.1,10.8994,0.47088,10.51632,-2.82528,415.4289
499201,499.172,9.798379,0.31392,9.103681,-3.61008,415.0167
499237,499.208,11.34898,0.31392,10.9872,-2.82528,415.3285
499272,499.244,10.52803,0.15696,9.88848,-3.61008,416.9403
499308,499.28,11.12314,0.31392,10.51632,-3.61008,416.0789
499381,499.352,12.56072,2.19744,11.30112,-5.02272,415.9784
499417,499.388,9.512606,-1.5696,8.946721,-2.82528,416.1476
499452,499.424,11.17507,2.82528,10.51632,-2.51136,415.9071
499488,499.46,10.31885,0.15696,10.04544,-2.3544,415.4975
499560,499.532,12.14388,0.0,11.772,-2.98224,415.3575
499597,499.568,9.175116,2.19744,8.632801,-2.19744,415.9784
499632,499.604,10.8994,0.7848001,10.35936,-3.29616,415.598
499668,499.64,9.281898,0.0,8.789761,-2.98224,416.0789
499704,499.676,14.84496,-1.41264,14.44032,-3.1392,416.4884
499777,499.748,11.10541,0.7848001,10.9872,-1.41264,415.7961
499812,499.784,10.35579,0.15696,10.04544,-2.51136,416.7579
499848,499.82,10.26979,0.62784,10.04544,-2.04048,415.8701
499884,499.856,9.828505,0.31392,9.57456,-2.19744,414.9084
499957,499.928,9.78328,1.25568,9.57456,-1.5696,415.5557
499992,499.964,11.03084,0.47088,10.51632,-3.29616,415.6271
500028,500.0,11.43333,2.66832,10.83024,-2.51136,415.5557
500064,500.036,11.0654,2.3544,10.67328,-1.72656,415.5557
500101,500.072,10.55374,2.04048,10.04544,-2.51136,415.0774
500172,500.144,10.45406,1.88352,10.04544,-2.19744,415.0774
500208,500.18,10.69634,1.88352,10.35936,-1.88352,416.0392
500244,500.216,10.29016,1.72656,10.04544,-1.41264,415.2465
500281,500.252,10.98832,2.51136,10.35936,-2.66832,415.487
500352,500.324,10.15884,2.82528,9.57456,-1.88352,415.9969
500388,500.36,9.573274,2.51136,9.103681,-1.5696,415.2782
500427,500.396,10.89714,3.1392,10.04544,-2.82528,415.6878
500464,500.436,10.07605,2.51136,9.57456,-1.88352,415.2095
500536,500.508,10.18911,2.66832,9.731521,-1.41264,415.6165
500573,500.544,9.869777,1.25568,9.57456,-2.04048,416.1978
500608,500.58,9.778244,2.51136,9.260641,-1.88352,415.5081
500645,500.616,10.39616,3.29616,9.57456,-2.3544,415.989
500681,500.652,9.851039,2.66832,9.260641,-2.04048,415.4764
500752,500.724,10.66751,2.98224,9.88848,-2.66832,416.3299
500788,500.76,10.32243,2.51136,9.731521,-2.3544,416.5703
500825,500.796,10.94114,2.98224,9.88848,-3.61008,416.2585
500861,500.832,10.13456,3.1392,9.417601,-2.04048,416.3299
500932,500.904,10.93213,3.29616,9.88848,-3.29616,416.1899
500969,500.94,10.99168,3.76704,9.731521,-3.45312,416.4303
501005,500.976,9.898441,2.82528,9.103681,-2.66832,415.8781
501041,501.012,10.78008,3.29616,9.417601,-4.08096,415.8781
501076,501.048,10.22773,2.82528,9.260641,-3.29616,416.0471
501256,501.228,13.83565,3.924,11.92896,-5.80752,415.8093
501292,501.264,10.7044,3.29616,8.946721,-4.86576,415.9494
501328,501.3,10.44344,2.66832,9.88848,-2.04048,416.6708
501364,501.336,10.90731,5.96448,8.00496,-4.39488,415.5689
501436,501.408,10.31408,2.3544,9.103681,-4.23792,416.0471
501472,501.444,10.42101,2.82528,9.417601,-3.45312,416.4303
501509,501.48,10.56307,2.82528,9.57456,-3.45312,415.8781
501545,501.516,10.46465,2.82528,9.57456,-3.1392,416.3589
501581,501.552,10.13821,2.82528,9.103681,-3.45312,416.5994
501652,501.624,10.87111,4.08096,9.57456,-3.1392,415.849
501689,501.66,11.81274,4.39488,10.04544,-4.39488,416.0894
501725,501.696,9.951809,3.1392,8.789761,-3.45312,415.6772
501761,501.732,10.20723,2.66832,9.103681,-3.76704,416.639
